id,name,screen_name,created_at,retweet_count,favorite_count,text
800487671726571520,b'Andr\xc3\xa9s P\xc3\xa1ez',andrespaezec,2016-11-20 23:55:07,727,337,b'10.000 d\xc3\xb3lares al mes cobra el Gerente de TAME y tiene quebrada a la empresa. Pero ademas dijeron que nadie puede g\xe2\x80\xa6 https://t.co/IXw2r5cTcX'
800394657947648002,b'Andr\xc3\xa9s P\xc3\xa1ez',andrespaezec,2016-11-20 17:45:31,368,222,b'Partido socialista present\xc3\xb3 a Tico Tico como candidato a asamble\xc3\xadsta.  El mismo partido que postul\xc3\xb3 a Correa en el 2006.'
800835428442054658,b'Andr\xc3\xa9s P\xc3\xa1ez',andrespaezec,2016-11-21 22:56:59,19,26,b'UNIDOS POR EL CAMBIO: https://t.co/7a09opjwEj v\xc3\xada @YouTube'
801542564197396480,b'Andr\xc3\xa9s P\xc3\xa1ez',andrespaezec,2016-11-23 21:46:53,3,8,"b'@Dr_PEMP dice que lo que ven\xc3\xada denunciando como Asamble\xc3\xadsta fue verdad, no es hacer campa\xc3\xb1a es demostrar que ten\xc3\xadamos raz\xc3\xb3n.'"
801476746361114624,b'Andr\xc3\xa9s P\xc3\xa1ez',andrespaezec,2016-11-23 17:25:21,445,203,b'Esta es Patricia Zambrano jueza contencioso electoral que apoya en su Twitter a Moreno y Glas! Que sinvergueceria! https://t.co/d3IZo2thIE'
801470458558300160,b'Andr\xc3\xa9s P\xc3\xa1ez',andrespaezec,2016-11-23 17:00:22,296,185,b'Y las frases c\xc3\xa9lebres de la ex jueza y el juez son:\n- Quieres sentir mi poder\n- Con qui\xc3\xa9n me vas a acusar con tu mam\xc3\xa1?\n#JusticiaCorreista'
801470209903235074,b'Andr\xc3\xa9s P\xc3\xa1ez',andrespaezec,2016-11-23 16:59:23,461,390,"b'Por a\xc3\xb1os demostr\xc3\xa9 que la justicia no ten\xc3\xada a los mejores jueces ni los mas preparados, en menos de 5 d\xc3\xadas dos jueces me dan la raz\xc3\xb3n.'"
801218230706667520,b'Andr\xc3\xa9s P\xc3\xa1ez',andrespaezec,2016-11-23 00:18:06,181,154,b'Todo nuestro apoyo a @fevillavicencio !! https://t.co/bShFvvd6Ek'
802162688147255296,b'Andr\xc3\xa9s P\xc3\xa1ez',andrespaezec,2016-11-25 14:51:02,67,46,"b'Es lo m\xc3\xadnimo que tenia que hacer, pero no es el \xc3\xbanico caso. https://t.co/YdFGtokVS5'"
802630337125871617,b'Andr\xc3\xa9s P\xc3\xa1ez',andrespaezec,2016-11-26 21:49:19,389,223,b'De nuevo estaremos en las calles! Se quieren ir a B\xc3\xa9lgica produciendo desastres a gran escala! https://t.co/E0E5RGmLqr'
802376431976071168,b'Andr\xc3\xa9s P\xc3\xa1ez',andrespaezec,2016-11-26 05:00:23,223,230,b'Condeno el trato violento y denigrante en contra de miembros de la Polic\xc3\xada Nacional de parte de gente descalificada amparada por el poder'
802931777950142464,b'Andr\xc3\xa9s P\xc3\xa1ez',andrespaezec,2016-11-27 17:47:08,6,12,b'S\xc3\xadganme tambien en mi red https://t.co/QCRXjFfwf5'
802679153380196352,b'Andr\xc3\xa9s P\xc3\xa1ez',andrespaezec,2016-11-27 01:03:17,57,89,b'Hoy recorriendo Ciudadela Ibarra en el Sur de Quito. https://t.co/EvtqxMWGGg'
803081486090010624,b'Andr\xc3\xa9s P\xc3\xa1ez',andrespaezec,2016-11-28 03:42:01,2,2,b'@krystelestrella @candidatoabordo @CREOEcuador @ricuesta gracias! un fuerte abrazo!'
803079502058389505,b'Andr\xc3\xa9s P\xc3\xa1ez',andrespaezec,2016-11-28 03:34:08,45,74,b'#VamosPorElCambio https://t.co/ZDgB5nkwyK'
803050531371491328,b'Andr\xc3\xa9s P\xc3\xa1ez',andrespaezec,2016-11-28 01:39:01,40,54,"b'Hoy se emitir\xc3\xa1 la grabaci\xc3\xb3n del programa  Candidato a Bordo, por Canal Uno a las 9 PM!'"
803746604956155904,b'Andr\xc3\xa9s P\xc3\xa1ez',andrespaezec,2016-11-29 23:44:58,3,5,b'Desde Latacunga https://t.co/TOnNd759t5'
803741543786024960,b'Andr\xc3\xa9s P\xc3\xa1ez',andrespaezec,2016-11-29 23:24:51,71,84,"b'Hoy junto a Crnl. C\xc3\xa9sar Carri\xc3\xb3n en Latacunga, candidato a Asambleista por Cotopaxi. #VamosPorElCambio https://t.co/z1qjqDOZ8g'"
803741533958766592,b'Andr\xc3\xa9s P\xc3\xa1ez',andrespaezec,2016-11-29 23:24:49,20,29,"b'Hoy junto a Crnl. C\xc3\xa9sar Carri\xc3\xb3n en Latacunga, candidato a Asambleista por Cotopaxi. #VamosPorElCambio https://t.co/jHenkIKcLh'"
803738188934238208,b'Andr\xc3\xa9s P\xc3\xa1ez',andrespaezec,2016-11-29 23:11:31,242,106,"b'Salvatierra, el del caso Esperanza Galvan ex asamble\xc3\xadsta correista, sali\xc3\xb3 libre por rebaja de pena! Esa es la justicia correista! Verg\xc3\xbcenza!'"
803650930419777536,b'Andr\xc3\xa9s P\xc3\xa1ez',andrespaezec,2016-11-29 17:24:47,302,146,b'\xc2\xbfQu\xc3\xa9 pas\xc3\xb3 con tantos impuestos que nos cobraron? \xc2\xbfDonde est\xc3\xa1 ese dinero? Por eso no quer\xc3\xadan fideicomiso para no ren\xe2\x80\xa6 https://t.co/zjyHjjHHLx'
804075371746512900,b'Andr\xc3\xa9s P\xc3\xa1ez',andrespaezec,2016-11-30 21:31:22,7,12,"b'He publicado 7 fotos en Facebook en el \xc3\xa1lbum ""INAGURACI\xc3\x93N DE LA SEDE LUCHA EN LAS CALLES"". https://t.co/qel55Hc9i0'"
804069967176093696,b'Andr\xc3\xa9s P\xc3\xa1ez',andrespaezec,2016-11-30 21:09:53,15,31,b'Hoy en la inauguraci\xc3\xb3n de la sede de CREO en Riobamba.\n#VamosPorElCambio https://t.co/Aw0HueWRvs'
804067484995383300,b'Andr\xc3\xa9s P\xc3\xa1ez',andrespaezec,2016-11-30 21:00:01,7,7,"b'He publicado 3 fotos en Facebook en el \xc3\xa1lbum ""INAGURACI\xc3\x93N DE LA SEDE LUCHA EN LAS CALLES"". https://t.co/6Nq5SwLB6i'"
804029510781960194,b'Andr\xc3\xa9s P\xc3\xa1ez',andrespaezec,2016-11-30 18:29:08,6,6,b'Junto a los candidatos de CREO en Riobamba https://t.co/FWcFbXwmCM'
804018208831324164,b'Andr\xc3\xa9s P\xc3\xa1ez',andrespaezec,2016-11-30 17:44:13,18,36,"b'\xc2\xa1Riobamba, Solidaridad y Respaldo! #VamosPorElCambio https://t.co/BctDvKnOcq'"
804017315511758848,b'Andr\xc3\xa9s P\xc3\xa1ez',andrespaezec,2016-11-30 17:40:40,23,21,b'Riobamba en Diario Los Andes compartiendo nuestra propuesta #1MillondeEmpleos con los candidatos a Asamble\xc3\xadstas\xe2\x80\xa6 https://t.co/orbx6y5X3b'
804014215694422016,b'Andr\xc3\xa9s P\xc3\xa1ez',andrespaezec,2016-11-30 17:28:21,4,10,"b'He publicado 9 fotos en Facebook en el \xc3\xa1lbum ""VISITA AL MERCADO CONDAMINE"". https://t.co/EYdTlz16uh'"
803996330590957568,b'Andr\xc3\xa9s P\xc3\xa1ez',andrespaezec,2016-11-30 16:17:17,2,6,b'CORDIAL INVITACI\xc3\x93N https://t.co/PpsmfaH0JK'
803996001400999937,b'Andr\xc3\xa9s P\xc3\xa1ez',andrespaezec,2016-11-30 16:15:58,4,10,b'Andr\xc3\xa9s P\xc3\xa1ez desde Riobamba https://t.co/R1LGvysThe'
803987209963667456,b'Andr\xc3\xa9s P\xc3\xa1ez',andrespaezec,2016-11-30 15:41:02,11,10,b'INVITACION ANDRES PAEZ: https://t.co/8rKm1FjK8t v\xc3\xada @YouTube'
803970415894872064,b'Andr\xc3\xa9s P\xc3\xa1ez',andrespaezec,2016-11-30 14:34:18,285,144,b'\xc2\xbfNuevamente preguntamos donde est\xc3\xa1 la plata de la reconstrucci\xc3\xb3n?  \xc2\xa1Pero para irse a Cuba si tienen dinero! https://t.co/uuhGIFtMvK'
803959529813798914,b'Andr\xc3\xa9s P\xc3\xa1ez',andrespaezec,2016-11-30 13:51:03,20,27,"b'Seguimos nuestro recorrido en medios de Riobamba,  visitamos Radio Bonita, Radio Tricolor y Radio Andina. https://t.co/BxbkQBoxqF'"
803939419661234176,b'Andr\xc3\xa9s P\xc3\xa1ez',andrespaezec,2016-11-30 12:31:08,95,92,"b'Con lo que vamos a incautar por medio de la fiscalizaci\xc3\xb3n real, crearemos el fondo para generar empleo. #TVS #Riobamba'"
803938858501107712,b'Andr\xc3\xa9s P\xc3\xa1ez',andrespaezec,2016-11-30 12:28:54,61,68,b'El tema de la fiscalizaci\xc3\xb3n es uno de los m\xc3\xa1s importantes para los ecuatorianos. #TVS #Riobamba https://t.co/jY5lHu5ZFk'
803925528969363456,b'Andr\xc3\xa9s P\xc3\xa1ez',andrespaezec,2016-11-30 11:35:56,17,26,b'Mi agenda de medios para hoy en Riobamba! https://t.co/pf8F7ichdC'
803777664892878849,b'Andr\xc3\xa9s P\xc3\xa1ez',andrespaezec,2016-11-30 01:48:23,76,94,b'Presentaci\xc3\xb3n de nuestra propuesta #1MillondeEmpleos en la inauguraci\xc3\xb3n de la sede #CREO en Latacunga con los candid\xe2\x80\xa6 https://t.co/qn1C33YZjM'
803776852829601792,b'Andr\xc3\xa9s P\xc3\xa1ez',andrespaezec,2016-11-30 01:45:09,33,55,b'Compartiendo con mi gente despu\xc3\xa9s de la inauguraci\xc3\xb3n de la sede #CREO Latacunga #VamosPorElCambio https://t.co/qrXMlLZRN4'
803774712920739840,b'Andr\xc3\xa9s P\xc3\xa1ez',andrespaezec,2016-11-30 01:36:39,11,10,b'En vivo por TV Color @cayetanotv desde Latacunga. Sigue esta entrevista... \nhttps://t.co/5t2RykzMP9 https://t.co/Xk1QKacRmT'
803752187612381184,b'Andr\xc3\xa9s P\xc3\xa1ez',andrespaezec,2016-11-30 00:07:09,33,36,b'Rueda de Prensa en Latacunga junto a los candidatos de CREO -SUMA - JUNTOS PODEMOS!\n#VamosPorElCambio https://t.co/U2oOxCeuHr'
804459068530245633,b'Andr\xc3\xa9s P\xc3\xa1ez',andrespaezec,2016-12-01 22:56:02,25,44,"b'Aqu\xc3\xad en Quevedo flamean cientos de banderas, Quevedo #VamosPorElCambio https://t.co/tpwbzs33Um'"
804455038802399233,b'Andr\xc3\xa9s P\xc3\xa1ez',andrespaezec,2016-12-01 22:40:01,28,45,b'Quevedo empezamos la Caravana automovil\xc3\xadstica \xc2\xa1Gracias Quevedo! https://t.co/corldScpLQ'
804384382781947904,b'Andr\xc3\xa9s P\xc3\xa1ez',andrespaezec,2016-12-01 17:59:16,12,26,"b'San Miguel, Provincia de Bol\xc3\xadvar. Compartiendo propuestas por Radio Spazio 104.7fm. #CREO #1MillonDeEmpleos\xe2\x80\xa6 https://t.co/Dn6M8bZ3bM'"
804374786998751236,b'Andr\xc3\xa9s P\xc3\xa1ez',andrespaezec,2016-12-01 17:21:08,6,10,"b'Guaranda, desde radio mundo 91.5 Fm \nhttps://t.co/62NXvUwtfD \nEscucha nuestra propuesta #1MillondeEmpleos.\xe2\x80\xa6 https://t.co/ZiVhSZmMlf'"
804341781303324673,b'Andr\xc3\xa9s P\xc3\xa1ez',andrespaezec,2016-12-01 15:09:59,16,25,"b'Guaranda, estamos en Radio Matiavi 96.3 https://t.co/PXzgWcaGDd Compartiendo nuestro plan de generar\xe2\x80\xa6 https://t.co/mAGrjGa2Ry'"
804160824562556929,b'Andr\xc3\xa9s P\xc3\xa1ez',andrespaezec,2016-12-01 03:10:55,54,77,b'Hoy sentimos el cari\xc3\xb1o de la familia de Chimborazo. Ma\xc3\xb1ana lo viviremos con mi  gente de Bolivar. \xc2\xa1Gracias Chimbora\xe2\x80\xa6 https://t.co/y1lFMJLqec'
804156197343522816,b'Andr\xc3\xa9s P\xc3\xa1ez',andrespaezec,2016-12-01 02:52:32,24,36,b'S\xc3\xadgue esta entrevista por Ecuavision para agradecer todo el apoyo de Chimborazo. #1MillonDeEmpleos #VamosPorElCambio https://t.co/eMoIIOLL5y'
804130895062036480,b'Andr\xc3\xa9s P\xc3\xa1ez',andrespaezec,2016-12-01 01:12:00,39,65,b'Muestras de cari\xc3\xb1o y solidaridad. Con Chimborazo #VamosPorElCambio https://t.co/4jKMNCAqXb'
804129307681505284,b'Andr\xc3\xa9s P\xc3\xa1ez',andrespaezec,2016-12-01 01:05:41,68,98,b'As\xc3\xad vivimos la caravana automovil\xc3\xadstica en Riobamba. \xc2\xa1Gracias Chimborazo! Todos Unidos #VamosPorElCambio https://t.co/Qs6lQB0WRN'
804127316502806528,b'Andr\xc3\xa9s P\xc3\xa1ez',andrespaezec,2016-12-01 00:57:46,18,30,b'Inauguraci\xc3\xb3n de Sede #CREO en Riobamba. #VamosPorElCambio https://t.co/lXufoJS29j'
804811256200839168,b'Andr\xc3\xa9s P\xc3\xa1ez',andrespaezec,2016-12-02 22:15:30,17,19,b'Antes de la entrevista en @megatv7 desde Quininde https://t.co/IjAiJK6JaL'
804809295439233026,b'Andr\xc3\xa9s P\xc3\xa1ez',andrespaezec,2016-12-02 22:07:43,8,25,b'Almorzando en el Mercado de la Concordia. #VamosPorElCambio https://t.co/NPieEXep3E'
804808925723893760,b'Andr\xc3\xa9s P\xc3\xa1ez',andrespaezec,2016-12-02 22:06:15,10,12,b'Gracias por todo el cari\xc3\xb1o y apoyo. #VamosPorElCambio https://t.co/YTbf9DN996'
804801808669573122,b'Andr\xc3\xa9s P\xc3\xa1ez',andrespaezec,2016-12-02 21:37:58,18,27,b'\xc2\xa1Gracias por el recibimiento Quininde! #VamosPorElCambio https://t.co/Zg36rnDkry'
804797607335890944,b'Andr\xc3\xa9s P\xc3\xa1ez',andrespaezec,2016-12-02 21:21:16,27,29,b'Empezamos la Caravana y seguimos sumando  fuerzas. \xc2\xa1Gracias Quininde! Juntos #VamosPorElCambio https://t.co/L65XsPeJdP'
804795315173859328,b'Andr\xc3\xa9s P\xc3\xa1ez',andrespaezec,2016-12-02 21:12:10,40,68,"b'Gracias por el cari\xc3\xb1o y solidaridad, continuamos hacia la provincia de Esmeraldas. #VamosPorElCambio https://t.co/6qpu5UWUzz'"
804792824994603009,b'Andr\xc3\xa9s P\xc3\xa1ez',andrespaezec,2016-12-02 21:02:16,4,13,b'El d\xc3\xada de hoy almorc\xc3\xa9 gustosamente en el Mercado de la Concordia.'
804722663075745792,b'Andr\xc3\xa9s P\xc3\xa1ez',andrespaezec,2016-12-02 16:23:28,25,35,b'Sto. Domingo de los Tsachilas. Inaugurando otra sede La Gran Alianza #CREO #AlianzaTsachila #SUMA #JuntosPodemos\xe2\x80\xa6 https://t.co/0bXUChEUwS'
804713545610969088,b'Andr\xc3\xa9s P\xc3\xa1ez',andrespaezec,2016-12-02 15:47:14,10,13,b'RUEDA DE PRENSA EN SANTO DOMINGO DE LOS TS\xc3\x81CHILAS.'
804699586740846592,b'Andr\xc3\xa9s P\xc3\xa1ez',andrespaezec,2016-12-02 14:51:46,28,37,b'Rueda de prensa en la sede #CREO de Sto. Domingo de los Tsachilas. Juntos #VamosPorElCambio. https://t.co/lWmwDPgEza'
804551536173084672,b'Andr\xc3\xa9s P\xc3\xa1ez',andrespaezec,2016-12-02 05:03:28,52,71,b'Salimos de Quevedo rumbo a Sto. Domingo de los Tsachilas. #VamosPorElCambio https://t.co/FMaeM67IVj'
804544382900781056,b'Andr\xc3\xa9s P\xc3\xa1ez',andrespaezec,2016-12-02 04:35:03,423,329,"b'Nuevamente Ecuador estar\xc3\xa1 en las calles para evitar la ley de Plusval\xc3\xada, un capricho m\xc3\xa1s de un gobierno decadente y autoritario.'"
804501279795978241,b'Andr\xc3\xa9s P\xc3\xa1ez',andrespaezec,2016-12-02 01:43:46,36,56,b'Mi compromiso con los ni\xc3\xb1os. La patria es de ellos y para ellos...  #VamosPorElCambio #CREO https://t.co/g1hdyqVynX'
805173294563557376,b'Andr\xc3\xa9s P\xc3\xa1ez',andrespaezec,2016-12-03 22:14:07,282,136,b'30 impuestos gravan a los ecuatorianos! La mayor\xc3\xada fijados por el correismo! Y encima dicen que vienen por m\xc3\xa1s! Ind\xe2\x80\xa6 https://t.co/J5ou8NpuDu'
805122857600749569,b'Andr\xc3\xa9s P\xc3\xa1ez',andrespaezec,2016-12-03 18:53:42,36,47,"b'Mucho apoyo y trabajo en equipo, \xc2\xa1Gracias Esmeralde\xc3\xb1os! #VamosPorElCambio https://t.co/Pr0nHXSiDw'"
805119805422530564,b'Andr\xc3\xa9s P\xc3\xa1ez',andrespaezec,2016-12-03 18:41:34,3,4,b'ANECDOTAS PERSONALES: https://t.co/OSLBnzNLIG v\xc3\xada @YouTube'
805117750129541120,b'Andr\xc3\xa9s P\xc3\xa1ez',andrespaezec,2016-12-03 18:33:24,0,2,b'@Ernestoordenana de nuevo vamos a hacerlo!'
805078724270030848,b'Andr\xc3\xa9s P\xc3\xa1ez',andrespaezec,2016-12-03 15:58:20,8,11,b'@DantePaezRosero tenemos que salir todos juntos nuevamente!'
805076399186919424,b'Andr\xc3\xa9s P\xc3\xa1ez',andrespaezec,2016-12-03 15:49:05,255,207,b'As\xc3\xad estaban las protestas en las calles de Quito en el 2015 cuando el gobierno trat\xc3\xb3 de aprobar la ley de Plusval\xc3\xada! https://t.co/YykJB5EpVH'
805057276528705536,b'Andr\xc3\xa9s P\xc3\xa1ez',andrespaezec,2016-12-03 14:33:06,96,97,"b'""Ahora todos proponen fiscalizaci\xc3\xb3n pero \xc2\xbfCu\xc3\xa1ntos de ellos han luchado en las calles?"" Entrevista en Telecosta, Esm\xe2\x80\xa6 https://t.co/f1Nr0OV0uY'"
805056231547224064,b'Andr\xc3\xa9s P\xc3\xa1ez',andrespaezec,2016-12-03 14:28:57,44,56,"b'""Desmontaremos y fiscalizaremos la corrupci\xc3\xb3n"". Rueda de prensa en Esmeraldas. https://t.co/DvS9vVI33U'"
804847187884703744,b'Andr\xc3\xa9s P\xc3\xa1ez',andrespaezec,2016-12-03 00:38:17,31,54,b'Hablando sobre el plan de combatir el desempleo en Telemar desde Esmeraldas https://t.co/E5CiBChiex'
805490641006456832,b'Andr\xc3\xa9s P\xc3\xa1ez',andrespaezec,2016-12-04 19:15:08,94,163,b'Felicitaciones a Barcelona por conquistar  una nueva corona en el campeonato nacional de f\xc3\xbatbol! Salud campeones! Bien por esa fiel hinchada'
805476038251868160,b'Andr\xc3\xa9s P\xc3\xa1ez',andrespaezec,2016-12-04 18:17:07,50,32,b'La violencia y la campa\xc3\xb1a sucia correista empez\xc3\xb3. https://t.co/ifFzpsCaKi'
805924015403573248,b'Andr\xc3\xa9s P\xc3\xa1ez',andrespaezec,2016-12-05 23:57:13,15,19,b'ARRIBO A MI CIUDAD NATAL IBARRA. \nMuchas Gracias por tan caluroso recibimiento. #vamosporelcambio Ibarra'
805912647367610368,b'Andr\xc3\xa9s P\xc3\xa1ez',andrespaezec,2016-12-05 23:12:02,28,31,"b'Gran caravana en mi ciudad natal, #Ibarra . IMBABURA UNIDA #VamosPorElCambio https://t.co/uvRvRWLdRK'"
805892242397339648,b'Andr\xc3\xa9s P\xc3\xa1ez',andrespaezec,2016-12-05 21:50:57,6,10,b'RUEDA DE PRENSA EN OTAVALO'
805892167013171206,b'Andr\xc3\xa9s P\xc3\xa1ez',andrespaezec,2016-12-05 21:50:40,38,38,"b'""Mientras nosotros hemos denunciado la corrupci\xc3\xb3n otros se han quedado callados"". Rueda de Prensa en Otavalo,\xe2\x80\xa6 https://t.co/J54E4HyMEm'"
805888846902816770,b'Andr\xc3\xa9s P\xc3\xa1ez',andrespaezec,2016-12-05 21:37:28,31,35,"b'Caravana \xc2\xa1Gracias Otavalo! Todos con esta gran alianza, #VamosPorElCambio https://t.co/nl1bXMfo8H'"
805887886608502784,b'Andr\xc3\xa9s P\xc3\xa1ez',andrespaezec,2016-12-05 21:33:39,13,21,b'Visita Oficial a la Hermosa Provincia de Imbabura.\nCaravana en Otavalo'
805886079224213504,b'Andr\xc3\xa9s P\xc3\xa1ez',andrespaezec,2016-12-05 21:26:28,2,5,b'ANDR\xc3\x89S P\xc3\x81EZ VISITA IMBABURA https://t.co/8Epef9irb6'
805882250764107777,b'Andr\xc3\xa9s P\xc3\xa1ez',andrespaezec,2016-12-05 21:11:15,22,40,"b'Llegada a la provincia de los lagos, nos reciben con caravana en Otavalo. https://t.co/YZ9cq3eYxS'"
805862923147083776,b'Andr\xc3\xa9s P\xc3\xa1ez',andrespaezec,2016-12-05 19:54:27,33,46,b'En camino a mi Ciudad natal #Ibarra https://t.co/s8s5DQ9Izv'
