id,name,screen_name,created_at,retweet_count,favorite_count,text
801177924829265920,b'Dalo Bucaram',daloes10,2016-11-22 21:37:57,3,4,"b'@HelenMassuht excelente iniciativa, me encant\xc3\xb3, dime cuando reunirnos y la acordamos #dalositeescucha'"
801164296910553089,b'Dalo Bucaram',daloes10,2016-11-22 20:43:47,127,93,b'Por fin alguien que entiende que no se debe quemar la informaci\xc3\xb3n https://t.co/sSGbo466Xd @pichondedino GLAS DEBE DEBATIR Y RESPONDER #FE'
801107634350936067,b'Dalo Bucaram',daloes10,2016-11-22 16:58:38,157,115,"b'Una vez m\xc3\xa1s GRACIAS por el amor a nuestra familia, ayer mi esposa @Gabypazmino gan\xc3\xb3 el premio a\xe2\x80\xa6 https://t.co/mkthPgVfqp'"
801557876171034628,b'Dalo Bucaram',daloes10,2016-11-23 22:47:44,0,2,b'@marckceli el 6 estoy en Quito hermano y la sede es en JUan Le\xc3\xb3n Mera y Roca'
801556145144025095,b'Dalo Bucaram',daloes10,2016-11-23 22:40:51,3,6,b'@jpaulhr por eso hay que plantear la posibilidad de un CPC electo democr\xc3\xa1ticamente en elecciones abiertas'
801543975706488833,b'Dalo Bucaram',daloes10,2016-11-23 21:52:30,0,2,"b'@negroposi si le permite ellos cambiaron la ley para su medida, por eso debemos rescatar la asamblea'"
801527351536394244,b'Dalo Bucaram',daloes10,2016-11-23 20:46:26,0,3,"b'@stargate_sg1977 un abrazo a\xc3\xban m\xc3\xa1s grande sabiendo que eres Cristobalino, entiendo tu posici\xc3\xb3n saludos'"
801522785621262337,b'Dalo Bucaram',daloes10,2016-11-23 20:28:18,0,3,"b'@VictorSalinasEC no lo hagas esa es tu decisi\xc3\xb3n, yo respondo por lo que digo, no por lo que t\xc3\xba entiendas, saludos cordiales'"
801491923911507969,b'Dalo Bucaram',daloes10,2016-11-23 18:25:40,0,3,b'@MrDoylet un abrazo Ricardo espero verte pronto hermano'
801490517469102080,b'Dalo Bucaram',daloes10,2016-11-23 18:20:04,0,2,"b'@stargate_sg1977 respeto su criterio, no lo comparto, saludos'"
801487496370475008,b'Dalo Bucaram',daloes10,2016-11-23 18:08:04,453,389,b'Ratifico mi posici\xc3\xb3n respecto a las denuncias contra Jorge Glas y la invitaci\xc3\xb3n a un debate p\xc3\xbablico #VamosalDebate\xe2\x80\xa6 https://t.co/KwuvOEfoat'
801486937580335104,b'Dalo Bucaram',daloes10,2016-11-23 18:05:51,0,1,b'@RossyGomezA favor coordinar https://t.co/kXAIux3Stb'
801486823008698368,b'Dalo Bucaram',daloes10,2016-11-23 18:05:24,0,2,b'@USFQ_GOBE @sparedesariza @USFQ_Ecuador ya los sigo env\xc3\xademe informaci\xc3\xb3n por interno o contactar a @RossyGomezA saludos'
801473309363892224,b'Dalo Bucaram',daloes10,2016-11-23 17:11:42,0,1,"b'@sparedesariza @USFQ_Ecuador @USFQ_GOBE como estas Sof\xc3\xada, encantado dame un contacto para poder hacerlo, saludos'"
801279641789104128,b'Dalo Bucaram',daloes10,2016-11-23 04:22:08,115,95,b'Los invito a seguir ma\xc3\xb1ana las intervenciones de @ramiroaguilart sobre nuestras propuestas de gobierno\xe2\x80\xa6 https://t.co/iRsm4CLYRt'
801927088915746816,b'Dalo Bucaram',daloes10,2016-11-24 23:14:51,161,197,b'Una fotito del recuerdo con mi princesita de caramelo #lafuerzadelamor https://t.co/GhTsrLeSmm'
801927013623808000,b'Dalo Bucaram',daloes10,2016-11-24 23:14:33,0,0,b'@susanamorg como esta Susana escr\xc3\xadbame por interno datos de su requerimiento buenas tardes'
801907171386621952,b'Dalo Bucaram',daloes10,2016-11-24 21:55:43,0,1,b'@davidfer83 me gusta la idea de eliminar voto en plancha estamos analizando esa propuesta'
802294920744550400,b'Dalo Bucaram',daloes10,2016-11-25 23:36:29,155,144,"b'Estos angelitos llenan mi alma de fuerza y de fe, hay amor, hay futuro #fuerzayfe https://t.co/ShEKwLs6BV'"
802173681749336064,b'Dalo Bucaram',daloes10,2016-11-25 15:34:44,123,101,"b'La violencia contra la mujer, es lo m\xc3\xa1s cobarde que puede existir, luchemos juntos contra esta terrible realidad #fe https://t.co/3Zg1U1mVNT'"
801984041440395264,b'Dalo Bucaram',daloes10,2016-11-25 03:01:10,1,9,b'@ramiroaguilart @ChangGuerrero @SilviaAndradeJ la 15 ya est\xc3\xa1 a punto caramelo querido Ramiro un abrazo vamos con fe #daloyramiropresidentes'
801983763626520576,b'Dalo Bucaram',daloes10,2016-11-25 03:00:04,0,1,b'@SilviaAndradeJ @ramiroaguilart @ChangGuerrero gracias Silvia un abrazo \xf0\x9f\x98\x8a\xf0\x9f\x98\x8a'
802602361269211136,b'Dalo Bucaram',daloes10,2016-11-26 19:58:09,1,2,"b'@ccalvas100 @ApostolGM @ProfetaAM y viceversa, seamos positivos, yo tengo fe, saludos'"
802594388429848576,b'Dalo Bucaram',daloes10,2016-11-26 19:26:28,49,55,"b'Hermosa tarde pasamos con el ap\xc3\xb3stol @apostolgm y su esposa @ProfetaAM aprendiendo cada d\xc3\xada,\xe2\x80\xa6 https://t.co/GLAUUn0y0W'"
802544398948966401,b'Dalo Bucaram',daloes10,2016-11-26 16:07:49,176,156,"b'""El odio sigue marcando la pol\xc3\xadtica ecuatoriana y causando la destrucci\xc3\xb3n de nuestro pa\xc3\xads, lucharemos por la paz, s\xe2\x80\xa6 https://t.co/plpvNTNU3m'"
802318935005794304,b'Dalo Bucaram',daloes10,2016-11-26 01:11:55,209,149,b'Que bac\xc3\xa1n este collage como siempre don peiii bien \xf0\x9f\x92\xaa\xf0\x9f\x92\xaa\xf0\x9f\x92\xaa #fuerzayfe @carlosferrin https://t.co/zwpukAasA6'
802999210102714368,b'Dalo Bucaram',daloes10,2016-11-27 22:15:05,102,113,b'Vamos con fuerza y fe #fuerzabsc #BarcelonaSC https://t.co/sSwwC8ith8'
802946481313501185,b'Dalo Bucaram',daloes10,2016-11-27 18:45:33,0,1,b'@coloramaibc que buen mensaje'
802938047692161024,b'Dalo Bucaram',daloes10,2016-11-27 18:12:03,1,3,"b'@Diegos2981 @ramiroaguilart @BarcelonaSCweb jugu\xc3\xa9 en ambos, pero como hincha solo Barce'"
802933792545574912,b'Dalo Bucaram',daloes10,2016-11-27 17:55:08,95,73,b'Ah\xc3\xad estaremos junto a mi @Gabypazmino los esperamos #castigopresidencial https://t.co/Agc96DdCoV'
802890249386926080,b'Dalo Bucaram',daloes10,2016-11-27 15:02:07,104,106,"b'Definitivamente amo jugar con mis hijos, no hay mejor tiempo invertido en esta tierra, que nada\xe2\x80\xa6 https://t.co/9H44fh9Ju9'"
802878095048974336,b'Dalo Bucaram',daloes10,2016-11-27 14:13:49,169,114,b'#la15 #barcelona #campeones #2016 https://t.co/EEupRPXHEb'
802734382532333568,b'Dalo Bucaram',daloes10,2016-11-27 04:42:45,3,10,b'@ramiroaguilart pero claro que si @BarcelonaSCweb 3 #Emelec 1 #BarcelonaCampeon #la15'
802719328793722880,b'Dalo Bucaram',daloes10,2016-11-27 03:42:56,0,1,"b'@joffrevz @carlosferrin ese tema lo lanzamos en milagro, ya viene el v\xc3\xaddeo clip un abrazo'"
803096057311703040,b'Dalo Bucaram',daloes10,2016-11-28 04:39:55,0,2,"b'@gingerparis @dhanna dicen que los ojos no son ojos porque ven, sino porque nos ven, un abrazo saludos a ambas'"
803074100788862976,b'Dalo Bucaram',daloes10,2016-11-28 03:12:40,221,190,b'Definitivamente @ramiroaguilart demuestra que conformamos el mejor binomio de esta contienda larrrrrrgooooooo\xe2\x80\xa6 https://t.co/RjHlyxtBMI'
803032443339022336,b'Dalo Bucaram',daloes10,2016-11-28 00:27:08,0,1,"b'@kbj6fabricio ya falta poco, disfruta tu d\xc3\xada un abrazo'"
803709365081423872,b'Dalo Bucaram',daloes10,2016-11-29 21:16:59,2,9,b'Esa es mi gente!!! gracias @maritarosero por el video y saludos all\xc3\xa1 para esa juventud que siempre nos apoya. https://t.co/ffXnnoLaWT'
803707767269838848,b'Dalo Bucaram',daloes10,2016-11-29 21:10:38,61,71,b'Cada vez que veo las encuestas pagadas por la banca: https://t.co/5kjHlsz7ur'
803707412347834368,b'Dalo Bucaram',daloes10,2016-11-29 21:09:13,18,11,"b'Con esto se nos viene una idea nueva, ya sabr\xc3\xa1n de que se trata. No vamos a caer en provocaci\xc3\xb3n por campa\xc3\xb1as de odi\xe2\x80\xa6 https://t.co/OGeEkFY1SA'"
803706878656126976,b'Dalo Bucaram',daloes10,2016-11-29 21:07:06,15,7,"b'jajaja me he re\xc3\xaddo, los #ChicosZ le pusieron el nombre a @vezanota tal como el ide\xc3\xb3logo se la dict\xc3\xb3. Est\xc3\xa1n reunidos\xe2\x80\xa6 https://t.co/MdoBzwdt38'"
803693348024418304,b'Dalo Bucaram',daloes10,2016-11-29 20:13:20,0,0,b'@MajoOG05 bendiciones y ten FE'
803693018746392576,b'Dalo Bucaram',daloes10,2016-11-29 20:12:02,0,1,"b'@MajoOG05 debes saber q una encuesta de 2.500 personas cuestas m\xc3\xa1s de $40.000, dos al mes son $80.000 t\xc3\xba crees que todos botamos $$ en eso?'"
803692516142780417,b'Dalo Bucaram',daloes10,2016-11-29 20:10:02,1,0,"b'@MajoOG05 gobierno hoy tiene menos de 25 puntos, LASSO no llega a 17, el tiempo te demostrar\xc3\xa1 como enga\xc3\xb1an las encuestas, acu\xc3\xa9rdate'"
803692345812250625,b'Dalo Bucaram',daloes10,2016-11-29 20:09:21,0,0,"b'@MajoOG05 el si ganaba con doble al no en Colombia,Hillary ganaba a Trump, etc no creas en encuestas, ponen lo que les ordena quien las paga'"
803690480714313728,b'Dalo Bucaram',daloes10,2016-11-29 20:01:57,2,0,"b'@MajoOG05 mejor ru\xc3\xa9gale a LASSO que se retire, que solo en las encuestas que el paga tiene eso, la banca del feriado JAM\xc3\x81S volver\xc3\xa1 al poder'"
803616888173563908,b'Dalo Bucaram',daloes10,2016-11-29 15:09:31,274,279,"b'El mundo de luto, cuantos sue\xc3\xb1os rotos, que dolor Dios m\xc3\xado. Mis oraciones con el pueblo Brasile\xc3\xb1o y sus familias qu\xe2\x80\xa6 https://t.co/W9pvR8TbYk'"
803606092659965952,b'Dalo Bucaram',daloes10,2016-11-29 14:26:37,154,174,"b'Te amo negrita @dalitabucaram siempre ser\xc3\xa1s mi ""mamatita"" #lafuerzadelamor https://t.co/9EqUVGQebE'"
803442215695552516,b'Dalo Bucaram',daloes10,2016-11-29 03:35:26,0,1,"b'@Perdielnombre @ramiroaguilart esto es paso a paso, es de persistencia no de velocidad, un abrazo'"
804012673667108864,b'Dalo Bucaram',daloes10,2016-11-30 17:22:13,0,2,b'@palomeque_jaime @Xapime gracias Jaimito el respaldo de gente decente como usted me llena de FE un abrazo'
803991101338165248,b'Dalo Bucaram',daloes10,2016-11-30 15:56:30,1,4,"b'@palomeque_jaime comparto tu criterio, en febrero hablar\xc3\xa1n las urnas, el Ecuador ya no tolera estas pr\xc3\xa1cticas en la pol\xc3\xadtica. Saludos'"
803983309562855425,b'Dalo Bucaram',daloes10,2016-11-30 15:25:32,1,7,"b'@Xapime as\xc3\xad es Xavi, el odio contamina sin importar de d\xc3\xb3nde venga, eso es lo que debe acabarse ese Ecuador de odio e intolerancia, abrazos'"
803825967206727683,b'Dalo Bucaram',daloes10,2016-11-30 05:00:19,0,3,"b'@MrDoylet as\xc3\xad es, sabemos que vendr\xc3\xa1n muchos intentos como este, intentan provocarnos, sabremos responder con altura a sus infamias'"
803823078769881088,b'Dalo Bucaram',daloes10,2016-11-30 04:48:50,2,5,"b'@SCF_Ec @ramiroaguilart en #Tungurahua y en muchas provincias, un fuerte abrazo'"
803820933144281088,b'Dalo Bucaram',daloes10,2016-11-30 04:40:19,156,195,"b'Que m\xc3\xa1s puedo pedir a Dios, si me ha dado el mayor tesoro MI FAMILIA, bendiciones y buenas noches #fuerzayfe https://t.co/AX1YWQUlnd'"
803796644483530752,b'Dalo Bucaram',daloes10,2016-11-30 03:03:48,1,2,b'@Patrici83982154 gracias mi Pato usted es un guerrero imprescindible en esta lucha'
804406372192387075,b'Dalo Bucaram',daloes10,2016-12-01 19:26:38,292,239,"b'En el 2009 lanzamos #DaloaDiario en #Youtube y fuiste parte de nuestra campa\xc3\xb1a desde adentro. Hoy est\xc3\xa1 de regreso,\xe2\x80\xa6 https://t.co/5YGwmX0xA2'"
804124325980868609,b'Dalo Bucaram',daloes10,2016-12-01 00:45:53,2,3,"b'@MisterSGT SANTIAGO yo soy un hombre serio, ten paciencia que toda la informaci\xc3\xb3n recabada ser\xc3\xa1 publicada, saludos'"
804121808588914690,b'Dalo Bucaram',daloes10,2016-12-01 00:35:53,203,176,"b'2/2 Diga que le respondieron @Galo_Chiriboga a sus pedidos de asistencia del 3 de Oct y del 10 de Octubre, porque oculta esas respuestas??'"
804121313522708484,b'Dalo Bucaram',daloes10,2016-12-01 00:33:55,215,180,b'1/2 Se\xc3\xb1or fiscal @Galo_Chiriboga usted est\xc3\xa1 mintiendo en la @AsambleaEcuador haga p\xc3\xbablica la informaci\xc3\xb3n que Panama le entreg\xc3\xb3....'
804113351043416065,b'Dalo Bucaram',daloes10,2016-12-01 00:02:17,99,155,b'Una ni\xc3\xb1a muy picara jajaja mi amoli #lafuerzadelamor https://t.co/doa9g11RYW'
804800076128415744,b'Dalo Bucaram',daloes10,2016-12-02 21:31:05,147,128,b'En estos momentos en vivo con @ramiroaguilart por la se\xc3\xb1al de @ondapositiva941 94.1FM en Guayaquil #juntosconfuerzayfe'
804706762301456384,b'Dalo Bucaram',daloes10,2016-12-02 15:20:17,159,155,"b'EN DIRECTO en #Periscope: Rueda de prensa, Dalo y Ramiro presidentes https://t.co/aJENqg6Iif'"
804682556251766784,b'Dalo Bucaram',daloes10,2016-12-02 13:44:06,123,109,"b'""Con la ley de plusval\xc3\xada  es una vez m\xc3\xa1s el juego de la politiquer\xc3\xada para afectar a cierto sector que s\xc3\xad existe en el pa\xc3\xads"". @forever925'"
804681960820015105,b'Dalo Bucaram',daloes10,2016-12-02 13:41:44,151,114,"b'""Tenemos que insistir en una mayor productividad para generar riquezas"". @forever925 https://t.co/ob5oz6fMK1'"
804680718156709888,b'Dalo Bucaram',daloes10,2016-12-02 13:36:48,125,114,"b'""Tenemos que entender que estamos a pocos meses de tomar una decisi\xc3\xb3n que puede definir el futuro de nuestros hijos"". @forever925'"
804680125509988352,b'Dalo Bucaram',daloes10,2016-12-02 13:34:26,104,106,"b'""Todo este proyecto pol\xc3\xadtico que busca darle mejor futuro al Ecuador va a nacer de una consulta al pueblo ecuatoria\xe2\x80\xa6 https://t.co/wAa8mc4C3R'"
804678300635463680,b'Dalo Bucaram',daloes10,2016-12-02 13:27:11,24,16,b'En vivo por @forever925.'
804667429179760640,b'Dalo Bucaram',daloes10,2016-12-02 12:43:59,162,131,"b'""Vamos a escuchar al pueblo m\xc3\xa1s que hablar y en base a eso construir esa propuesta que es lo que hacemos con\xe2\x80\xa6 https://t.co/iVfqRNcbtF'"
804666824885407744,b'Dalo Bucaram',daloes10,2016-12-02 12:41:35,103,127,b'Despu\xc3\xa9s de la entrevista nada mejor que un buen bol\xc3\xb3n de queso y chicharr\xc3\xb3n jajajaja #fuerzayfe https://t.co/HyJf3UuxZV'
804666399683710976,b'Dalo Bucaram',daloes10,2016-12-02 12:39:54,105,118,"b'""Hoy no hay nada m\xc3\xa1s falso que una encuesta"". @radio_sucre https://t.co/lKYNtyWgKW'"
804510658645651456,b'Dalo Bucaram',daloes10,2016-12-02 02:21:02,105,116,b'Y as\xc3\xad nos fuimos de picnic en pleno aeropuerto!!! #lafuerzadelajama https://t.co/3YIU1Q1y4O'
805184464083107842,b'Dalo Bucaram',daloes10,2016-12-03 22:58:30,148,91,"b'Seguimos escuchando a nuestro pueblo en cada rinc\xc3\xb3n del Ecuador, disfrutando del amor de quienes\xe2\x80\xa6 https://t.co/V2PynZHAkt'"
805184123144912896,b'Dalo Bucaram',daloes10,2016-12-03 22:57:09,203,161,"b'Su alegr\xc3\xada es el motor de nuestra campa\xc3\xb1a, una campa\xc3\xb1a sin odios, eso es lo que el pa\xc3\xads necesita\xe2\x80\xa6 https://t.co/1LKli2AeWk'"
805144323096530944,b'Dalo Bucaram',daloes10,2016-12-03 20:19:00,158,118,b'La verdadera gran discapacidad est\xc3\xa1 en el coraz\xc3\xb3n de aquellos que no son solidarios con las personas con discapacid\xe2\x80\xa6 https://t.co/eoOKoGPlp7'
805105544931512321,b'Dalo Bucaram',daloes10,2016-12-03 17:44:54,200,199,"b'Rumbo a Santo Domingo, llenos de FElicidad #juntosconfuerzayfe https://t.co/GPMjOBwF0R'"
805084411029028864,b'Dalo Bucaram',daloes10,2016-12-03 16:20:55,1,0,b'@stargate_sg1977 estamos trabajando con el se\xc3\xb1or Isauro Blanco la gran reforma educativa para el Ecuador. Saludos https://t.co/jVUkPKkgPw'
805489287680692225,b'Dalo Bucaram',daloes10,2016-12-04 19:09:46,0,1,b'@rich32rodri gracias Richard y un abrazo a la distancia'
805488636909207552,b'Dalo Bucaram',daloes10,2016-12-04 19:07:10,438,356,b'Gracias por la #15 #campeones #bsc #fuerzabarcelona @BarcelonaSCweb @Hincha_Amarillo https://t.co/Zz2EwUPVVS'
805479408668737537,b'Dalo Bucaram',daloes10,2016-12-04 18:30:30,0,0,"b'@rich32rodri jugu\xc3\xa9 en ambos equipos realmente, pero hincha amarillo siempre. Un abrazo'"
805473727739727872,b'Dalo Bucaram',daloes10,2016-12-04 18:07:56,1,1,"b'@carbaiking el pasado es tu testimonio no debes desecharlo ah\xc3\xad est\xc3\xa1 la siembra que te permitir\xc3\xa1 cosechar, abrazo'"
805473561783767040,b'Dalo Bucaram',daloes10,2016-12-04 18:07:16,0,0,"b'@rich32rodri tu imagen y comentario dec\xc3\xada otra cosa, lo s\xc3\xa9 y agradezco eso porque eso nos ayud\xc3\xb3 a mejorar y hoy tenemos 15 estrellas, slds'"
805470399697977347,b'Dalo Bucaram',daloes10,2016-12-04 17:54:42,0,1,b'@IDOLO79_BSC gracias Kevin un fuerte abrazo y hoy a celebrar con pasi\xc3\xb3n y responsabilidad al campe\xc3\xb3n'
805467284538097664,b'Dalo Bucaram',daloes10,2016-12-04 17:42:20,0,0,"b'@rich32rodri esto es sin sufrir, el que se pica pierde, saludos \xf0\x9f\x98\x8a\xf0\x9f\x98\x8a'"
805467060218298368,b'Dalo Bucaram',daloes10,2016-12-04 17:41:26,1,3,"b'@IDOLO79_BSC no amarillo con el sol, jugu\xc3\xa9 en emelec tambi\xc3\xa9n pero hincha amarillo, un abrazo'"
805466060019429380,b'Dalo Bucaram',daloes10,2016-12-04 17:37:28,103,78,"b'3-0 #barcelonacampeon De d\xc3\xada vivir\xc3\xa9 vistiendo la amarilla, de noche la oscura me acompa\xc3\xb1ar\xc3\xa1, gritar\xc3\xa9 con locura soy de la sur oscura.......'"
805464708178382849,b'Dalo Bucaram',daloes10,2016-12-04 17:32:05,81,28,b'Ole ole ole ole Campe\xc3\xb3n Campe\xc3\xb3n grande @BarcelonaSCweb eres alegr\xc3\xada en medio de la agon\xc3\xada #fuerzabarcelona'
805460436560871425,b'Dalo Bucaram',daloes10,2016-12-04 17:15:07,61,20,"b'Grande @BarcelonaSCweb hoy somos campeones, con Fe #fuerzabsc'"
805418836732346368,b'Dalo Bucaram',daloes10,2016-12-04 14:29:49,0,2,"b'@juchocarpio gracias por su consejo, sabemos de qu\xc3\xa9 son capaces, nuestra campa\xc3\xb1a ser\xc3\xa1 diferente buscando un Ecuador sin odios, saludos'"
805240480049098752,b'Dalo Bucaram',daloes10,2016-12-04 02:41:05,0,1,"b'@JavierVeraEc36 voy a eliminar el programas de las cocinas y que sea algo opcional no impuesto, mantendremos subsidio al gas, saludos'"
805237257615589376,b'Dalo Bucaram',daloes10,2016-12-04 02:28:17,121,118,"b'Ir de Guayaquil a El Empalme $6 carro particular, es una barbaridad!!! No se puede seguir aniquilando el bolsillo del pueblo #FuerzayFe'"
805219013018222592,b'Dalo Bucaram',daloes10,2016-12-04 01:15:47,115,119,"b'El amor del pueblo no est\xc3\xa1 en venta, entiende esto no es una acci\xc3\xb3n de un banco, esto es coraz\xc3\xb3n #fuerzayfe\xe2\x80\xa6 https://t.co/YlB3JbO28w'"
805202558880976897,b'Dalo Bucaram',daloes10,2016-12-04 00:10:24,1,1,"b'@SERGIOBRIONES8 gracias Sergio, saludos'"
805896316836573188,b'Dalo Bucaram',daloes10,2016-12-05 22:07:09,0,2,b'@Yasunidos porfavor horario y lugar coordinar con @RossyGomezA saludos'
805864182138675200,b'Dalo Bucaram',daloes10,2016-12-05 19:59:27,1,3,"b'@Yasunidos que les parece este d\xc3\xada viernes?? Estar\xc3\xa9 en Quito por mi encantado, saludos'"
805605824185958400,b'Dalo Bucaram',daloes10,2016-12-05 02:52:50,197,233,b'En serio no s\xc3\xa9 qui\xc3\xa9n engr\xc3\xade a quien jajajajajja #lafuerzadelamor https://t.co/e0QduEM9dH'
805569751233794048,b'Dalo Bucaram',daloes10,2016-12-05 00:29:30,0,0,b'@SilviaAndradeJ @ramiroaguilart gracias Silvia un abrazo \xf0\x9f\x98\x8a\xf0\x9f\x98\x8a'
