id,name,screen_name,created_at,retweet_count,favorite_count,text
800790843720404992,b'Len\xc3\xadn Moreno',Lenin,2016-11-21 19:59:49,782,579,b'\xc2\xa1Qu\xc3\xa9 grato encontrarme con la peque\xc3\xb1a Paula de los \xc3\x81ngeles y su madre a quienes ayudamos para la obtenci\xc3\xb3n de un tr\xe2\x80\xa6 https://t.co/g5B3lLfT5g'
800774101984014336,b'Len\xc3\xadn Moreno',Lenin,2016-11-21 18:53:18,692,494,b'Gracias al apoyo de este importante sector productivo  que genera m\xc3\xa1s de 16 mil empleos en Tungurahua. \xc2\xa1Trabajemos\xe2\x80\xa6 https://t.co/k4MsOtmUTP'
800752139786133505,b'Len\xc3\xadn Moreno',Lenin,2016-11-21 17:26:02,626,362,b'Gracias a la empresa @Bioalimentar por hacerme parte de sus 50 a\xc3\xb1os de historia. https://t.co/Z5uPV4cWrO'
800669903690891264,b'Len\xc3\xadn Moreno',Lenin,2016-11-21 11:59:15,973,703,b'Rumbo a Ambato a trabajar con sectores productivos de la provincia y encuentro con medios de comunicaci\xc3\xb3n.'
801821401464311809,b'Len\xc3\xadn Moreno',Lenin,2016-11-24 16:14:53,344,246,b'El di\xc3\xa1logo y el aprendizaje nos aseguran un futuro de objetivos cumplidos. (3/3)'
801821347613724672,b'Len\xc3\xadn Moreno',Lenin,2016-11-24 16:14:41,407,338,b'Tambi\xc3\xa9n dialogar\xc3\xa9 con los candidatos a asamble\xc3\xadstas para conocer sus ideas y as\xc3\xad juntos seguir potenciando al Ecuador. (2/3)'
801821246698745856,b'Len\xc3\xadn Moreno',Lenin,2016-11-24 16:14:16,503,440,b'Hoy estar\xc3\xa9 en Guayaquil para la inauguraci\xc3\xb3n del Centro de Capacitaci\xc3\xb3n Ciudadana. (1/3)'
802299143905542144,b'Len\xc3\xadn Moreno',Lenin,2016-11-25 23:53:16,893,700,"b'\xc2\xa1Juntos alcanzaremos los sue\xc3\xb1os del nuevo Ecuador! Con trabajo, compromiso y esfuerzo por una vida digna para cada\xe2\x80\xa6 https://t.co/Y4ufzp7809'"
802191415572918272,b'Len\xc3\xadn Moreno',Lenin,2016-11-25 16:45:12,772,493,b'Con mi esposa Roc\xc3\xado nos comprometimos a tomar las acciones necesarias para contribuir a erradicar todo tipo de viol\xe2\x80\xa6 https://t.co/K9Rjn1obCF'
802137012631465984,b'Len\xc3\xadn Moreno',Lenin,2016-11-25 13:09:01,550,399,b'\xc2\xa1Est\xc3\xa1 es la lucha de todos! S\xc3\xb3lo as\xc3\xad lograremos sociedades con dignidad y libres de violencia. 3/3'
802136870478114817,b'Len\xc3\xadn Moreno',Lenin,2016-11-25 13:08:27,545,383,b'Me comprometo a trabajar incansablemente para promover la igualdad y el respeto. Ya lo he hecho antes 2/3'
802136755172478976,b'Len\xc3\xadn Moreno',Lenin,2016-11-25 13:08:00,639,398,b'Hoy es el D\xc3\xada Internacional para la Eliminaci\xc3\xb3n de la Violencia contra la Mujer. En Ecuador 6 de cada 10 mujeres han sufrido violencia. 1/3'
801969830601621504,b'Len\xc3\xadn Moreno',Lenin,2016-11-25 02:04:42,353,275,b'El Presidente tiene derecho a pensar diferente. Cada quien decide en su gobierno. (2/2)'
801969785097621504,b'Len\xc3\xadn Moreno',Lenin,2016-11-25 02:04:31,255,169,b'Sobre el anticipo al impuesto a la renta: esa es mi propuesta y mi forma de pensar. (1/2)'
801944744167440384,b'Len\xc3\xadn Moreno',Lenin,2016-11-25 00:25:01,1147,664,b'Junto al mejor equipo para liderar las demandas de Guayas en la Asamblea. https://t.co/fPTIJd3WJy'
802549926383276032,b'Len\xc3\xadn Moreno',Lenin,2016-11-26 16:29:47,1401,1186,b'Ha muerto el Comandante de la dignidad de los pueblos peque\xc3\xb1os. La Misi\xc3\xb3n Manuela Espejo se inici\xc3\xb3 con su apoyo. \xc2\xa1H\xe2\x80\xa6 https://t.co/zc36367wZ2'
803210468693155840,b'Len\xc3\xadn Moreno',Lenin,2016-11-28 12:14:33,366,262,b'Te invito a escuchar a las 8:00 mi entrevista en radios de Guayaquil. https://t.co/VPLhaaCs5e'
803746714964332544,b'Len\xc3\xadn Moreno',Lenin,2016-11-29 23:45:24,425,274,b'Quiero que sepan compa\xc3\xb1eros que por supuesto van a ser parte fundamental del nuevo proceso de la Revoluci\xc3\xb3n Ciudada\xe2\x80\xa6 https://t.co/s4p7rs2vFU'
803746330032164864,b'Len\xc3\xadn Moreno',Lenin,2016-11-29 23:43:52,523,362,"b'Es hora de dignificar la pol\xc3\xadtica. Tenemos que darle honor a la pol\xc3\xadtica, sin calumnias, sin tocar a los familiares\xe2\x80\xa6 https://t.co/wss0J3yCdo'"
803746039169740800,b'Len\xc3\xadn Moreno',Lenin,2016-11-29 23:42:43,409,276,b'Hoy me reun\xc3\xad con candidatos de @35PAIS para potencializar y multiplicar nuestra tarea. (1/3) https://t.co/i326Eoo3Ud'
803972579631439872,b'Len\xc3\xadn Moreno',Lenin,2016-11-30 14:42:54,962,700,"b'Ecuatorianos, conf\xc3\xaden en mi. No les he fallado nunca, no les fallar\xc3\xa9. https://t.co/ljABpJ0mZS'"
803940472582500352,b'Len\xc3\xadn Moreno',Lenin,2016-11-30 12:35:19,246,207,b'Hoy a las 08H30 estar\xc3\xa9 en radio Am\xc3\xa9rica conversando sobre el Ecuador que anhelamos todos.'
804406426420609024,b'Len\xc3\xadn Moreno',Lenin,2016-12-01 19:26:51,377,277,b'Recib\xc3\xad en mi casa al periodista Xavier Gallo de @RTSEcuador. Linda entrevista sobre el Ecuador del futuro. https://t.co/EJacZxR1yQ'
804325013260300288,b'Len\xc3\xadn Moreno',Lenin,2016-12-01 14:03:21,395,255,b'Todos unen hoy sus manos a favor de la #Prevenci\xc3\xb3nVIH. Vamos a  generar una educaci\xc3\xb3n que concientice y capacite. https://t.co/uhGyr9rtCC'
804133927757692929,b'Len\xc3\xadn Moreno',Lenin,2016-12-01 01:24:03,430,363,b'Hoy junto a la directiva de @35PAIS acordamos grandes acciones para todos los sectores del pa\xc3\xads \xc2\xa1Vamos m\xc3\xa1s fuertes\xe2\x80\xa6 https://t.co/9uKE53eTFb'
804805921465573376,b'Len\xc3\xadn Moreno',Lenin,2016-12-02 21:54:18,283,198,"b'Con el tr\xc3\xado colombiano ""Los Antares"" y Sandra Argudo, artista nacional, estamos festejando a Quito en radio\xe2\x80\xa6 https://t.co/xctqwKiTtw'"
804798455789002752,b'Len\xc3\xadn Moreno',Lenin,2016-12-02 21:24:38,272,247,b'Esc\xc3\xbachame en @CanelaRadioEc. Estamos celebrando sus 10 a\xc3\xb1os al aire con @LoroHomero. #LaDecadaCantada https://t.co/EMDIn30hOt'
804791761977638912,b'Len\xc3\xadn Moreno',Lenin,2016-12-02 20:58:03,402,338,"b'Cuando de naipes se trata, no hay quien me saque. Me he divertido mucho junto a los amigos del Mercado Santa Clara\xe2\x80\xa6 https://t.co/ZatRt20ysB'"
804773762495348736,b'Len\xc3\xadn Moreno',Lenin,2016-12-02 19:46:31,528,308,b'Pero qu\xc3\xa9 deliciosa comida sirven en el Mercado Santa Clara de Quito. Creo que Roc\xc3\xado tiene competencia. https://t.co/EToTMBpXwa'
804482911277826048,b'Len\xc3\xadn Moreno',Lenin,2016-12-02 00:30:47,998,678,"b'Apoyo al emprendedor, impulso a la juventud, cr\xc3\xa9ditos que aceleren la productividad; son factores de ese Ecuador qu\xe2\x80\xa6 https://t.co/JmivchT8vH'"
805185851311489025,b'Len\xc3\xadn Moreno',Lenin,2016-12-03 23:04:01,207,179,b'Siempre ser\xc3\xa1 gratificante estar rodeado de personas alegres y cari\xc3\xb1osas. Son un ejemplo de vida #LaMisi\xc3\xb3nContin\xc3\xbaa https://t.co/1zz5vDOW57'
805160736930533376,b'Len\xc3\xadn Moreno',Lenin,2016-12-03 21:24:13,1314,1056,b'Este d\xc3\xada es muy importante para quienes luchan incansablemente por sus derechos. Lo har\xc3\xa9 todos los d\xc3\xadas junto a ust\xe2\x80\xa6 https://t.co/JsxDjR8Zz3'
805123452516569088,b'Len\xc3\xadn Moreno',Lenin,2016-12-03 18:56:04,548,367,b'Mi coraz\xc3\xb3n hoy se llen\xc3\xb3 de felicidad. Fue muy grato ver c\xc3\xb3mo toda la sociedad ha recuperado la dignidad \xc2\xa1Seamos pro\xe2\x80\xa6 https://t.co/RDaXRhVKlu'
804866763859066880,b'Len\xc3\xadn Moreno',Lenin,2016-12-03 01:56:04,412,363,b'Gracias por estar junto a mi. Nunca lo olvidar\xc3\xa9. (2/2) https://t.co/N5W374nTSn'
804865435204255744,b'Len\xc3\xadn Moreno',Lenin,2016-12-03 01:50:48,402,338,"b'Qu\xc3\xa9 cari\xc3\xb1o, qu\xc3\xa9 alegr\xc3\xada y qu\xc3\xa9 gran recibimiento de los quite\xc3\xb1os (1/2) https://t.co/rh9xsotNcY'"
805556705421565953,b'Len\xc3\xadn Moreno',Lenin,2016-12-04 23:37:39,209,170,"b'\xc2\xa1La sonrisa del pueblo quite\xc3\xb1o en esta fiesta tradicional, me contagi\xc3\xb3 de alegr\xc3\xada! https://t.co/mkJljHsSR1'"
805543335343570948,b'Len\xc3\xadn Moreno',Lenin,2016-12-04 22:44:32,305,209,b'Celebro a Quito en sus fiestas de la mejor manera: Asistiendo a su tradicional carrera de coches de madera \xc2\xa1Nuestra\xe2\x80\xa6 https://t.co/eiDtO1ZhpV'
805780374747901953,b'Len\xc3\xadn Moreno',Lenin,2016-12-05 14:26:26,1609,888,"b'Felicidades a Quito, la ciudad de la mitad del mundo. Llena de tradiciones y gente maravillosa. A festejar con much\xe2\x80\xa6 https://t.co/x8TRRfoK2z'"
805572735447498752,b'Len\xc3\xadn Moreno',Lenin,2016-12-05 00:41:21,378,352,"b'Mis 3 nietos me van a pedir celebrar las victorias de Barcelona. Felicidades, nos vemos con el gran Aucas.'"
