id,name,screen_name,created_at,retweet_count,favorite_count,text
800162656724328449,b'Paco Moncayo G.',PacoMoncayo,2016-11-20 02:23:38,78,155,b'No hay nada como llegar a casa luego de un largo d\xc3\xada de campa\xc3\xb1a y encontrar a mis nietos esper\xc3\xa1ndome. https://t.co/SGLaTDw3Jy'
800680472502210560,b'Paco Moncayo G.',PacoMoncayo,2016-11-21 12:41:15,32,30,b'El viernes presentaremos nuestro plan de gobierno al sector productivo y a los medios de comunicaci\xc3\xb3n. @rtunoticias https://t.co/CQUa4MRUYH'
800680017499930625,b'Paco Moncayo G.',PacoMoncayo,2016-11-21 12:39:26,23,27,b'Debemos cambiar el modelo. Tendremos un modelo en el que produzcamos bienes de valor agregado. @rtunoticias'
800679650418630656,b'Paco Moncayo G.',PacoMoncayo,2016-11-21 12:37:59,24,21,b'Hay que crear una Comisi\xc3\xb3n C\xc3\xadvica Anticorrupci\xc3\xb3n. Vamos a combatir la corrupci\xc3\xb3n con mano dura. @rtunoticias'
800678877332766720,b'Paco Moncayo G.',PacoMoncayo,2016-11-21 12:34:54,15,13,b'Hay que reinstitucuonalizar al pa\xc3\xads y reorganizar la econom\xc3\xada para empezar a gobernar. @rtunoticias'
800678381809442816,b'Paco Moncayo G.',PacoMoncayo,2016-11-21 12:32:56,33,30,"b'Mi binomio, @MonseBustamant, viene de la sociedad civil, que debe ser representada en la papeleta electoral. @rtunoticias'"
800677914203324416,b'Paco Moncayo G.',PacoMoncayo,2016-11-21 12:31:05,55,57,b'La pol\xc3\xadtica no debe ser de oportunistas ni corruptos. Hay que analizar las propuestas de los candidatos para elegir. @rtunoticias'
800677507934683137,b'Paco Moncayo G.',PacoMoncayo,2016-11-21 12:29:28,9,8,b'Empezamos la entrevista en @rtunoticias.'
800664486642413569,b'Paco Moncayo G.',PacoMoncayo,2016-11-21 11:37:43,26,26,b'\xc2\xa1Buenos d\xc3\xadas! A las 7:30 estar\xc3\xa9 en @rtunoticias hablando sobre mi plan de gobierno. Los invito a acompa\xc3\xb1arme.'
800508606282104832,b'Paco Moncayo G.',PacoMoncayo,2016-11-21 01:18:19,98,124,"b'En casa, recordamos al Presidente Dur\xc3\xa1n Ball\xc3\xa9n y su direcci\xc3\xb3n del frente pol\xc3\xadtico durante la Guerra del Cenepa.\xe2\x80\xa6 https://t.co/0Jb5lT9A3V'"
801212924274548736,b'Paco Moncayo G.',PacoMoncayo,2016-11-22 23:57:01,15,16,"b'Necesitamos empresas que produzcan bienes con alto valor agregado, para ello es necesario un gobierno que genere confianza. #Di\xc3\xa1logoConPaco'"
801212432509267970,b'Paco Moncayo G.',PacoMoncayo,2016-11-22 23:55:04,18,22,"b'Ecuador requiere inversiones nacionales y extranjeras directas, para reactivar la econom\xc3\xada. #Di\xc3\xa1logoConPaco https://t.co/odPeS0P0kj'"
801211313615765505,b'Paco Moncayo G.',PacoMoncayo,2016-11-22 23:50:37,4,9,b'Nuestra relaci\xc3\xb3n con otros pa\xc3\xadses no puede verse afectada por una ideolog\xc3\xada. #PerDebate16'
801210992847945728,b'Paco Moncayo G.',PacoMoncayo,2016-11-22 23:49:21,8,12,b'Los medios p\xc3\xbablicos no pueden ser un aparato de propaganda @xmava1. #PerDebate16'
801210809267286016,b'Paco Moncayo G.',PacoMoncayo,2016-11-22 23:48:37,15,13,b'El periodismo de investigaci\xc3\xb3n ha hecho en el mundo lo que no han hecho las funciones judiciales. @xmava1 #PerDebate16'
801210558036877312,b'Paco Moncayo G.',PacoMoncayo,2016-11-22 23:47:37,4,7,b'Demostr\xc3\xa9 la injuridicidad de la Ley de Comunicaci\xc3\xb3n @xmava1. Hay que debatir los temas. #PerDebate16'
801210286040555521,b'Paco Moncayo G.',PacoMoncayo,2016-11-22 23:46:32,1,7,b'Estimado @xmava1 combat\xc3\xad la Ley de Comunicaci\xc3\xb3n desde la Asamblea. Yo la he estudiado a fondo. #PerDebate16'
801208170555195392,b'Paco Moncayo G.',PacoMoncayo,2016-11-22 23:38:08,7,12,"b'Necesitamos un estado que ayude y no estorbe. Que no super regule, que incentive al sector productivo. #PerDebate16'"
801207434257776640,b'Paco Moncayo G.',PacoMoncayo,2016-11-22 23:35:12,4,10,b'Necesitamos un gobierno responsable que se deba a la ciudadan\xc3\xada. #PerDebate16'
801205906037948416,b'Paco Moncayo G.',PacoMoncayo,2016-11-22 23:29:08,24,19,b'No se puede criminalizar el derecho a la resistencia. Hay que reformar las leyes. #PerDebate16'
801205404336275456,b'Paco Moncayo G.',PacoMoncayo,2016-11-22 23:27:08,7,7,b'Es la ciudadan\xc3\xada la que debe fiscalizar a sus mandatarios. #PerDebate16'
801205290884616192,b'Paco Moncayo G.',PacoMoncayo,2016-11-22 23:26:41,21,38,b'Debemos recuperar la rep\xc3\xbablica. Estamos planteando una consulta popular para iniciar las correcciones con mecanismo\xe2\x80\xa6 https://t.co/4HluNm5wr5'
801202621210050561,b'Paco Moncayo G.',PacoMoncayo,2016-11-22 23:16:05,21,32,b'Di\xc3\xa1logos por la democracia es una gran idea de los j\xc3\xb3venes de universidades de Quito. https://t.co/F7pY68e6fC'
801198418567827456,b'Paco Moncayo G.',PacoMoncayo,2016-11-22 22:59:23,14,19,b'Llegu\xc3\xa9 a la @USFQ_Ecuador para empezar el di\xc3\xa1logo con los estudiantes  #PerDebate16 https://t.co/1eDjuWnFOk'
801156934803931136,b'Paco Moncayo G.',PacoMoncayo,2016-11-22 20:14:32,14,17,b'Me uno al #D\xc3\xadadelaM\xc3\xbasica y les dejo mi canci\xc3\xb3n favorita https://t.co/DQHCtlKwo7 https://t.co/5vBjy8c4zU'
801047959739711488,b'Paco Moncayo G.',PacoMoncayo,2016-11-22 13:01:31,57,51,b'El anticipo al impuesto a la renta parte del supuesto de q todos los empresarios son evasores. Debemos hacer un pacto \xc3\xa9tico para suprimirlo.'
801047392338358272,b'Paco Moncayo G.',PacoMoncayo,2016-11-22 12:59:15,26,23,b'Vamos a simplificar los tr\xc3\xa1mites y disminuir los impuestos a las empresas con productos de exportaci\xc3\xb3n y a las peque\xc3\xb1as empresas @majestadfm'
801046920563138560,b'Paco Moncayo G.',PacoMoncayo,2016-11-22 12:57:23,46,46,b'Vamos a dejar de vivir de la renta petrolera. La fase postpetrolera debemos empezarla ya. https://t.co/CQeBaBuGRj'
801046499434041344,b'Paco Moncayo G.',PacoMoncayo,2016-11-22 12:55:42,29,24,b'Mi compromiso es no ampliar la frontera petrolera en el ITT. https://t.co/WM5mecZkX0'
801045945739714564,b'Paco Moncayo G.',PacoMoncayo,2016-11-22 12:53:30,21,17,b'La miner\xc3\xada no puede desarrollarse si afecta a la comunidad o al ambiente. @majestadfm'
801044182727008257,b'Paco Moncayo G.',PacoMoncayo,2016-11-22 12:46:30,25,23,"b'Nuestra candidatura se construy\xc3\xb3 con afectos, con cari\xc3\xb1o, con respeto. @majestadfm'"
801043651807875073,b'Paco Moncayo G.',PacoMoncayo,2016-11-22 12:44:23,18,15,b'Mi binomio con @MonseBustamant fue aceptado de manera un\xc3\xa1nime por la asamblea del acuerdo. @majestadfm'
801043002286370816,b'Paco Moncayo G.',PacoMoncayo,2016-11-22 12:41:49,35,41,"b'Hemos debatido nuestras propuestas con la gente, por eso nuestro acuerdo ha perdurado. https://t.co/Jysm5W2Zu6'"
801041929546924033,b'Paco Moncayo G.',PacoMoncayo,2016-11-22 12:37:33,22,22,b'Hay que defender principios ideol\xc3\xb3gicos que sirvan para solucionar problemas. @majestadfm'
801041094242877440,b'Paco Moncayo G.',PacoMoncayo,2016-11-22 12:34:14,16,25,b'Nunca he hecho campa\xc3\xb1a sucia y he ganado elecciones. @majestadfm'
801040915838205952,b'Paco Moncayo G.',PacoMoncayo,2016-11-22 12:33:31,9,18,"b'En este momento, empieza la entrevista en @majestadfm 89.7 FM https://t.co/1yl5wmMph7'"
801039631932342276,b'Paco Moncayo G.',PacoMoncayo,2016-11-22 12:28:25,12,18,"b'Escucha, el d\xc3\xada de ma\xc3\xb1ana, el resto de mi entrevista.  @hcjbnoticias https://t.co/A3ndvxs8hU'"
801038436081790976,b'Paco Moncayo G.',PacoMoncayo,2016-11-22 12:23:40,53,64,"b'Si un chico tiene una vocaci\xc3\xb3n y le obligan a estudiar una carrera, lo vuelven infeliz toda su vida. Hay que terminar con eso. @hcjbnoticias'"
801038122473713664,b'Paco Moncayo G.',PacoMoncayo,2016-11-22 12:22:25,32,26,"b'Industrializar los productos agr\xc3\xadcolas. Si la papas no se venden, se puede hacer vodka con ellas y crear nuevas industrias. @hcjbnoticias'"
801036859912704000,b'Paco Moncayo G.',PacoMoncayo,2016-11-22 12:17:24,25,26,"b'A Quito lo convertimos en uno de los destinos m\xc3\xa1s visitados. Ecuador ser\xc3\xa1 un gran destino turistico, eso crear\xc3\xa1 empleo digno. @hcjbnoticias'"
801035212104810496,b'Paco Moncayo G.',PacoMoncayo,2016-11-22 12:10:51,18,16,b'Emprenderemos grandes proyectos intensivos en el uso de mano de obra para generar trabajo. @hcjbnoticias'
801034877625860098,b'Paco Moncayo G.',PacoMoncayo,2016-11-22 12:09:31,8,10,b'Sintoniza mi entrevista en @hcjbnoticias  \n89.3 FM Pichincha                         \n96.1 FM Tungurahua \n92.5 FM Manab\xc3\xad \n98.3 FM Esmeraldas'
801020806339956736,b'Paco Moncayo G.',PacoMoncayo,2016-11-22 11:13:37,12,12,b'Hoy estar\xc3\xa9 en radio @hcjbnoticias a las 7:00 y en @majestadfm a las 7:30. Los invito a escucharme.'
801566365949763584,b'Paco Moncayo G.',PacoMoncayo,2016-11-23 23:21:28,16,18,b'La pirater\xc3\xada est\xc3\xa1 acabando con la pesca artesanal. Los militares deben brindarles seguridad. #PacoPresidente'
801565863178620934,b'Paco Moncayo G.',PacoMoncayo,2016-11-23 23:19:28,30,25,"b'Escuch\xc3\xa9 en Chand\xc3\xban a los pescadores, hoy converso con los pescadores de Puerto a Bol\xc3\xadvar, porque ellos saben la sol\xe2\x80\xa6 https://t.co/BXDIPaHlnp'"
801564288381046784,b'Paco Moncayo G.',PacoMoncayo,2016-11-23 23:13:13,70,78,"b'Mi gobierno ser\xc3\xa1 de di\xc3\xa1logo, sin tarimas. \xc2\xa1\xc2\xa1Yo vine a escucharlos, no sean t\xc3\xadmidos!! https://t.co/sLeKFxs5O9'"
801561462045085696,b'Paco Moncayo G.',PacoMoncayo,2016-11-23 23:01:59,19,18,b'Estoy reunido con los pescadores de Puerto Bol\xc3\xadvar. Vine a escucharlos. #PacoPresidente https://t.co/E7rkoveqAW'
801537328032468992,b'Paco Moncayo G.',PacoMoncayo,2016-11-23 21:26:05,42,56,"b'El di\xc3\xa1logo respetuoso con los medios de comunicaci\xc3\xb3n es una de mis prioridades, porque creo en la libertad de expre\xe2\x80\xa6 https://t.co/AVzwAu6cCV'"
801532297099038724,b'Paco Moncayo G.',PacoMoncayo,2016-11-23 21:06:06,7,12,b'Ahora estoy con mis buenos amigos del Diario El Nacional. https://t.co/SuxixtHz5u'
801524698077163520,b'Paco Moncayo G.',PacoMoncayo,2016-11-23 20:35:54,42,45,"b'Ecuador tiene futuro, vamos a salir adelante. Necesitamos una buena administraci\xc3\xb3n, porque somos un pa\xc3\xads rico. #PacoPresidente'"
801523195799105536,b'Paco Moncayo G.',PacoMoncayo,2016-11-23 20:29:56,35,28,"b'La crisis no son las cifras macroecon\xc3\xb3micas, son los efectos que se dan en las personas como el desempleo.\xe2\x80\xa6 https://t.co/7ypxhnGDh5'"
801521015323000833,b'Paco Moncayo G.',PacoMoncayo,2016-11-23 20:21:16,9,11,b'Nuestro plan de gobierno muestra la visi\xc3\xb3n del pa\xc3\xads que vamos a construir. #PacoPresidente @diariocorreoweb'
801518519678599168,b'Paco Moncayo G.',PacoMoncayo,2016-11-23 20:11:21,6,9,"b'En minutos, estar\xc3\xa9 en vivo por @diariocorreoweb. Desde Machala. #PacoPresidente'"
801515453864673281,b'Paco Moncayo G.',PacoMoncayo,2016-11-23 19:59:10,7,17,"b'En este momento, atiendo una rueda de prensa en Machala. #PacoPresidente https://t.co/l4aLVHeWnn'"
801515277636825088,b'Paco Moncayo G.',PacoMoncayo,2016-11-23 19:58:28,12,12,b'La econom\xc3\xada sana solo se da con una pol\xc3\xadtica sana. #PacoPresidente'
801508177456037888,b'Paco Moncayo G.',PacoMoncayo,2016-11-23 19:30:15,7,17,b'\xc2\xa1Qu\xc3\xa9 gusto encontrarme con Julio! Hace tanto que nos conocemos y hoy podemos volvernos a ver en Puerto Jeli. https://t.co/H2tcccHLlq'
801495661166415873,b'Paco Moncayo G.',PacoMoncayo,2016-11-23 18:40:31,12,22,b'Acabo de llegar a Machala. \xc2\xa1Siempre es un gusto volver!'
801396073596076033,b'Paco Moncayo G.',PacoMoncayo,2016-11-23 12:04:47,8,14,b'\xc2\xa1Buenos d\xc3\xadas! A las 7:30 atender\xc3\xa9 una entrevista en radio WQ. \nLos R\xc3\xados y El Oro 106.3\nManab\xc3\xad 98.1\nPen\xc3\xadnsula 102.1\nAzuay 95.7'
801228245458964481,b'Paco Moncayo G.',PacoMoncayo,2016-11-23 00:57:54,21,27,b'Necesitamos m\xc3\xa1s espacios as\xc3\xad. Gracias j\xc3\xb3venes por la invitaci\xc3\xb3n. #Di\xc3\xa1logoConPaco https://t.co/GCWme2cWdX'
801226845626712064,b'Paco Moncayo G.',PacoMoncayo,2016-11-23 00:52:20,227,219,b'Una mujer no aborta por diversi\xc3\xb3n ni por vicio. Es infame que una mujer violada sea criminalizada. #Di\xc3\xa1logoConPaco'
801225700502073345,b'Paco Moncayo G.',PacoMoncayo,2016-11-23 00:47:47,20,31,b'Tenemos cuantificado el beneficio que significa reducir la burocracia. #Di\xc3\xa1logoConPaco'
801224364314296320,b'Paco Moncayo G.',PacoMoncayo,2016-11-23 00:42:29,51,47,b'El estado no debe meterse en nuestras s\xc3\xa1banas ni en nuestras cobijas. #Di\xc3\xa1logoConPaco'
801224100656123905,b'Paco Moncayo G.',PacoMoncayo,2016-11-23 00:41:26,84,88,"b'Har\xc3\xa9 respetar los derechos de los grupos como los LGBTI. Ser diferente no est\xc3\xa1 bien, ni mal. Todos somos diferentes. #Di\xc3\xa1logoConPaco'"
801223791485587461,b'Paco Moncayo G.',PacoMoncayo,2016-11-23 00:40:12,58,61,b'Ecuador no avanza por los refundadores. No soy un refundador. Los aspectos positivos hay que apoyarlos y los negativos eliminarlos.'
801222296526553088,b'Paco Moncayo G.',PacoMoncayo,2016-11-23 00:34:16,33,32,b'Necesitamos j\xc3\xb3venes que est\xc3\xa9n dispuestos a ser empleadores y no empleados. #Di\xc3\xa1logoConPaco'
801222159871995904,b'Paco Moncayo G.',PacoMoncayo,2016-11-23 00:33:43,19,18,b'Necesitamos un sistema de educaci\xc3\xb3n enfocado al emprendimiento. #Di\xc3\xa1logoConPaco'
801221653325840384,b'Paco Moncayo G.',PacoMoncayo,2016-11-23 00:31:42,73,62,b'Universidad sin autonom\xc3\xada no es universidad. #Di\xc3\xa1logoConPaco https://t.co/BJnSI8Xfsd'
801220334502326272,b'Paco Moncayo G.',PacoMoncayo,2016-11-23 00:26:28,21,25,b'Mejoraremos el sistema de educaci\xc3\xb3n. El Estado no les dir\xc3\xa1 qu\xc3\xa9 estudiar a los j\xc3\xb3venes. #Di\xc3\xa1logoConPaco'
801218231361044480,b'Paco Moncayo G.',PacoMoncayo,2016-11-23 00:18:06,16,19,b'Los temas de juventud son complejos. Las pol\xc3\xadticas para los j\xc3\xb3venes deben ser hechas por los j\xc3\xb3venes. #Di\xc3\xa1logoConPaco'
801217417636614144,b'Paco Moncayo G.',PacoMoncayo,2016-11-23 00:14:52,9,16,"b'Cuando hay un mandatario y un pa\xc3\xads serios, las cosas se facilitan. #Di\xc3\xa1logoConPaco'"
801216923736412160,b'Paco Moncayo G.',PacoMoncayo,2016-11-23 00:12:55,13,15,b'Ecuador necesita sanear la deuda con China. Debemos sentarnos soberanamente a reestructurar la deuda. #Di\xc3\xa1logoConPaco'
801216133667913729,b'Paco Moncayo G.',PacoMoncayo,2016-11-23 00:09:46,64,79,"b'Soy partidario de volver a los 15 ministerios. Hay que cerrar lo innecesario, para disminuir el d\xc3\xa9ficit.\xe2\x80\xa6 https://t.co/JwvXfZyLl4'"
801214730614571008,b'Paco Moncayo G.',PacoMoncayo,2016-11-23 00:04:12,10,13,b'Debemos integrarnos a los sistemas internacionales de creaci\xc3\xb3n de valor. #Di\xc3\xa1logoConPaco https://t.co/Ctv5zy4xYZ'
801213791371481088,b'Paco Moncayo G.',PacoMoncayo,2016-11-23 00:00:28,24,19,"b'Mientras m\xc3\xa1s abierto est\xc3\xa9 el mundo al comercio justo, mejor se desarrollan los pa\xc3\xadses. #Di\xc3\xa1logoConPaco https://t.co/z0TvX1jeZX'"
801900152193748994,b'Paco Moncayo G.',PacoMoncayo,2016-11-24 21:27:49,19,22,"b'Nos reunimos con los mineros artesanales de Zaruma, en un conversatorio para recoger las necesidades de este sector\xe2\x80\xa6 https://t.co/W0ssM7QbTo'"
801881525507805184,b'Paco Moncayo G.',PacoMoncayo,2016-11-24 20:13:48,17,28,b'\xc2\xbfEl almuerzo? En el Mercado de Zaruma. \xc2\xa1Qu\xc3\xa9 delicia! https://t.co/YG0a9AoVny'
801872156024049665,b'Paco Moncayo G.',PacoMoncayo,2016-11-24 19:36:34,35,47,b'Recibiendo el cari\xc3\xb1o de la gente en forma del oloroso caf\xc3\xa9 de Zaruma. \xc2\xa1Muchas gracias! #PacoPresidente https://t.co/O3eqC2qrFW'
801866421852602368,b'Paco Moncayo G.',PacoMoncayo,2016-11-24 19:13:47,8,12,"b'En este momento, desde Radio Samantha de Zaruma, 89.9. Acomp\xc3\xa1\xc3\xb1enme.'"
801856563937968129,b'Paco Moncayo G.',PacoMoncayo,2016-11-24 18:34:37,20,37,"b'Me llevo todos los comentarios de la ciudadan\xc3\xada pi\xc3\xb1asiense, porque solucionar\xc3\xa9 sus problemas que son m\xc3\xados.\xe2\x80\xa6 https://t.co/feDPbVAzQO'"
801848065892188160,b'Paco Moncayo G.',PacoMoncayo,2016-11-24 18:00:51,10,9,"b'Ya estamos en @RadioElite1027, con los candidatos a asamble\xc3\xadstas. https://t.co/Ubt6D3nJxQ'"
801844538092519425,b'Paco Moncayo G.',PacoMoncayo,2016-11-24 17:46:50,10,9,"b'En minutos estar\xc3\xa9 en Radio \xc3\x89lite, desde Pi\xc3\xb1as. Contin\xc3\xbao con el recorrido por El Oro. #PacoPresidente'"
801815396647104512,b'Paco Moncayo G.',PacoMoncayo,2016-11-24 15:51:02,25,14,b'Llegamos a Huaquillas. \xc2\xa1Gracias por el c\xc3\xa1lido recibimiento!  #PacoPresidente https://t.co/totQC93fJJ'
801762074535792640,b'Paco Moncayo G.',PacoMoncayo,2016-11-24 12:19:09,19,25,b'No hay tarea imposible cuando se ama inmensamente a la Patria. #PacoPresidente https://t.co/uqiTrDhyoA'
801759114858795008,b'Paco Moncayo G.',PacoMoncayo,2016-11-24 12:07:23,9,15,"b'Ahora, con @CarlosEgaviota en Radio Gaviota 105.1. https://t.co/x5JKgi2lj8'"
801754068049915904,b'Paco Moncayo G.',PacoMoncayo,2016-11-24 11:47:20,10,21,"b'Soy testigo de c\xc3\xb3mo ha progresado Machala. Se han hecho algunas cosas, pero falta todav\xc3\xada mucho por hacer. #PacoPresidente'"
801753612498116608,b'Paco Moncayo G.',PacoMoncayo,2016-11-24 11:45:31,13,13,b'Hay que entender la salud como la tarea fundamental de que la gente no se enferme. #PacoPresidente'
801753329441370113,b'Paco Moncayo G.',PacoMoncayo,2016-11-24 11:44:24,11,16,b'Vamos a apoyar e impulsar las industrias camaronera y bananera. Hay que tecnificarlas para ser una potencia agroalimentaria #PacoPresidente'
801752621774241792,b'Paco Moncayo G.',PacoMoncayo,2016-11-24 11:41:35,12,14,b'La miner\xc3\xada tiene que ser moderna y respetuosa con el ambiente. #PacoPresidente'
801751588838772736,b'Paco Moncayo G.',PacoMoncayo,2016-11-24 11:37:29,8,13,"b'Buenos d\xc3\xadas. Estoy en Radio L\xc3\xadder 101.5 FM, Machala, los invito a acompa\xc3\xb1arme. https://t.co/FkA4R4frlI'"
801650924829765632,b'Paco Moncayo G.',PacoMoncayo,2016-11-24 04:57:29,3,6,b'@crisnieto195 @ID12Ecuador pronto estar\xc3\xa9 en Azuay. Gracias por el inter\xc3\xa9s.'
801650491352616960,b'Paco Moncayo G.',PacoMoncayo,2016-11-24 04:55:45,31,38,"b'No quiero terminar mi d\xc3\xada sin felicitar a @EAyalaMora por su cumplea\xc3\xb1os. Que sigas cumpliendo sue\xc3\xb1os, amigo.'"
801635729852010496,b'Paco Moncayo G.',PacoMoncayo,2016-11-24 03:57:06,34,33,b'La juventud es asunto de almas y la pol\xc3\xadtica requiere juventud. #PacoPresidente https://t.co/S7eJH3KkfJ'
801627492171780097,b'Paco Moncayo G.',PacoMoncayo,2016-11-24 03:24:22,58,48,"b'Conversamos con la sociedad civil de Machala sobre los temas que les preocupan: empleo, seguridad y educaci\xc3\xb3n.\xe2\x80\xa6 https://t.co/6C0fTeEOn8'"
801621993850339332,b'Paco Moncayo G.',PacoMoncayo,2016-11-24 03:02:31,7,19,b'Empezamos el di\xc3\xa1logo con las juventudes de Machala. #PacoPresidente https://t.co/Om0WQ7znhl'
801596934297423872,b'Paco Moncayo G.',PacoMoncayo,2016-11-24 01:22:56,29,29,"b'Robarle la plata al pueblo es robarle salud, bienestar, educaci\xc3\xb3n y obras. #PacoPresidente @canalorovision'"
801595491154796544,b'Paco Moncayo G.',PacoMoncayo,2016-11-24 01:17:12,23,22,b'Mi binomio @MonseBustamant es la evidencia de la importancia que tiene la sociedad civil en la pol\xc3\xadtica. @canalorovision'
801585728333512704,b'Paco Moncayo G.',PacoMoncayo,2016-11-24 00:38:25,14,18,"b'A las 20:00 estar\xc3\xa9 en vivo en @canalorovision, como parte de este lindo recorrido que he hecho por Machala. #PacoPresidente'"
802142519874224128,b'Paco Moncayo G.',PacoMoncayo,2016-11-25 13:30:54,33,42,"b'Esta ma\xc3\xb1ana, exponemos nuestro plan de gobierno a editorialistas de los principales medios de comunicaci\xc3\xb3n. https://t.co/Ajqfq5AVag'"
802134989865451520,b'Paco Moncayo G.',PacoMoncayo,2016-11-25 13:00:59,75,75,"b'Debemos erradicar todo tipo de violencia, especialmente aquella que vulnera a seres humanos por motivos de g\xc3\xa9nero.\xe2\x80\xa6 https://t.co/AME1h8kL3e'"
802319493045374980,b'Paco Moncayo G.',PacoMoncayo,2016-11-26 01:14:08,25,28,b'Termino la exposici\xc3\xb3n con el respaldo de quienes me acompa\xc3\xb1an hoy. \xc2\xa1Muchas gracias! #PacoPresidente'
802318872267390976,b'Paco Moncayo G.',PacoMoncayo,2016-11-26 01:11:40,35,27,b'Garantizar\xc3\xa9 la seguridad de los derechos y libertades de todos los ecuatorianos. #PacoPresidente'
802318711449329664,b'Paco Moncayo G.',PacoMoncayo,2016-11-26 01:11:01,24,19,b'Profundizaremos la informaci\xc3\xb3n integraci\xc3\xb3n regional y las relaciones internacionales y soberanas. #PacoPresidente'
802318547275935744,b'Paco Moncayo G.',PacoMoncayo,2016-11-26 01:10:22,39,31,b'Impulsaremos una cultura de transparencia y de lucha contra la corrupci\xc3\xb3n. #PacoPresidente'
802318407853101056,b'Paco Moncayo G.',PacoMoncayo,2016-11-26 01:09:49,29,24,b'Defenderemos la libertad en la diversidad. #PacoPresidente'
802317240179818496,b'Paco Moncayo G.',PacoMoncayo,2016-11-26 01:05:11,31,24,b'El objetivo 8 es garantizar un h\xc3\xa1bitat seguro y una vivienda adecuada. #PacoPresidente'
802316290149011456,b'Paco Moncayo G.',PacoMoncayo,2016-11-26 01:01:24,32,24,b'El siguiente objetivo es garantizar la inclusi\xc3\xb3n y seguridad social en el pa\xc3\xads. #PacoPresidente'
802316008312582144,b'Paco Moncayo G.',PacoMoncayo,2016-11-26 01:00:17,32,25,b'Y recuperar la educaci\xc3\xb3n intercultural y biling\xc3\xbce. #PacoPresidente'
802315795573460992,b'Paco Moncayo G.',PacoMoncayo,2016-11-26 00:59:26,23,24,"b'Para ello vamos a priorizar el \xc3\xa1rea t\xc3\xa9cnica y tecnol\xc3\xb3gica. Acceso a la educaci\xc3\xb3n superior, potenciar becas y cr\xc3\xa9ditos educativos.'"
802315092087963648,b'Paco Moncayo G.',PacoMoncayo,2016-11-26 00:56:38,36,27,"b'El quinto objetivo es impulsar la educaci\xc3\xb3n, la generaci\xc3\xb3n de cien usuarios y la recuperaci\xc3\xb3n de saberes ancestrales. #PacoPresidente'"
802314789640925184,b'Paco Moncayo G.',PacoMoncayo,2016-11-26 00:55:26,29,21,b'El cuarto objetivo es hacer efectivo el derecho a la salud y mejorar las condiciones de salud de la poblaci\xc3\xb3n. #PacoPresidente'
802314499378343936,b'Paco Moncayo G.',PacoMoncayo,2016-11-26 00:54:17,29,27,"b'Est\xc3\xa1 bien construir hospitales, pero es mejor que la gente no se enferme. #PacoPresidente'"
802313907868200960,b'Paco Moncayo G.',PacoMoncayo,2016-11-26 00:51:56,31,27,b'3er objetivo: apuntalar el desarrollo de los sectores estrat\xc3\xa9gicos y la salida paulatina del modelo primario exportador #PacoPresidente'
802312455414087681,b'Paco Moncayo G.',PacoMoncayo,2016-11-26 00:46:10,26,17,"b'Que lograremos fomentando la producci\xc3\xb3n, el pleno empleo y el impulso al sector agr\xc3\xadcola. #PacoPresidente'"
802312307296583681,b'Paco Moncayo G.',PacoMoncayo,2016-11-26 00:45:34,35,27,b'El segundo objetivo ser\xc3\xa1 fortalecer el aparato productivo la generaci\xc3\xb3n  de empleo. #PacoPresidente'
802312067323756545,b'Paco Moncayo G.',PacoMoncayo,2016-11-26 00:44:37,24,17,"b'Adem\xc3\xa1s, auditor\xc3\xada y reestructuraci\xc3\xb3n de la deuda y un pacto tributario.  #PacoPresidente'"
802312006271238144,b'Paco Moncayo G.',PacoMoncayo,2016-11-26 00:44:23,27,14,b'Para ello tendremos la ley de responsabilidad fiscal y una administraci\xc3\xb3n p\xc3\xbablica austera. #PacoPresidente'
802311137320693760,b'Paco Moncayo G.',PacoMoncayo,2016-11-26 00:40:56,51,57,"b'Nuestro primer objetivo ser\xc3\xa1: afianzar un sistema econ\xc3\xb3mico sostenible, eficiente, inclusivo y responsable. #PacoPresidente'"
802307715246669828,b'Paco Moncayo G.',PacoMoncayo,2016-11-26 00:27:20,79,67,"b'Hablamos de un pa\xc3\xads productivo, competitivo e innovador. Un pa\xc3\xads que crece y se convierte en una potencia agroalime\xe2\x80\xa6 https://t.co/u0AZz3AP4E'"
802306285609873412,b'Paco Moncayo G.',PacoMoncayo,2016-11-26 00:21:39,21,18,b'Las bases program\xc3\xa1ticas se conversaron con la poblaci\xc3\xb3n de todas las provincias del pa\xc3\xads. #PacoPresidente'
802305743193944064,b'Paco Moncayo G.',PacoMoncayo,2016-11-26 00:19:29,42,26,b'Nuestro plan de gobierno 2017-2021 se fundamenta en las bases program\xc3\xa1ticas del Acuerdo Nacional por el Cambio. #PacoPresidente'
802305356210864128,b'Paco Moncayo G.',PacoMoncayo,2016-11-26 00:17:57,56,52,b'Empezamos el evento de presentaci\xc3\xb3n de nuestro plan de gobierno con casa llena. Bienvenidos. #PacoPresidente https://t.co/WpEwneH78X'
803330373979635712,b'Paco Moncayo G.',PacoMoncayo,2016-11-28 20:11:00,38,47,"b'Recuerden la invitaci\xc3\xb3n. Hoy, 18:00 en el Cine Ocho y Medio. \xc2\xa1Nos vemos ah\xc3\xad! https://t.co/7rU6wFpl0m'"
803053634497998856,b'Paco Moncayo G.',PacoMoncayo,2016-11-28 01:51:21,29,44,"b'Ma\xc3\xb1ana estar\xc3\xa9 con @CBaumann54 en el Ocho y Medio, a las 18:00. \xc2\xa1Est\xc3\xa1n invitados! https://t.co/rLcA60dDik'"
803666340565241856,b'Paco Moncayo G.',PacoMoncayo,2016-11-29 18:26:01,25,26,"b'Muchas gracias a los estudiantes de la @USFQ_Ecuador por su inter\xc3\xa9s, por sus preguntas y comentarios. https://t.co/LTute8PNfQ'"
803665930047746049,b'Paco Moncayo G.',PacoMoncayo,2016-11-29 18:24:23,19,15,"b'Necesitamos una ley de fronteras, con la que se incentivar\xc3\xa1 el emprendimiento en estas regiones. #PacoPresidente'"
803663758287634437,b'Paco Moncayo G.',PacoMoncayo,2016-11-29 18:15:45,26,25,b'Si no profesionalizamos el servicio exterior estamos perdiendo oportunidades de negocio con otros pa\xc3\xadses. #PacoPresidente'
803659041205612545,b'Paco Moncayo G.',PacoMoncayo,2016-11-29 17:57:01,20,27,"b'Debemos volver a la Rep\xc3\xbablica y la Rep\xc3\xbablica implica divisi\xc3\xb3n de funciones, as\xc3\xad combatiremos la corrupci\xc3\xb3n. #PacoPresidente'"
803658030575419393,b'Paco Moncayo G.',PacoMoncayo,2016-11-29 17:53:00,31,33,"b'El Ecuador es un pa\xc3\xads de emprendedores. El 47% de puestos de trabajo los generan las PYMES, por eso fomentaremos los emprendimientos.'"
803656220032778247,b'Paco Moncayo G.',PacoMoncayo,2016-11-29 17:45:48,33,36,"b'Crearemos fuentes de empleo en 4 ejes: servicios p\xc3\xbablicos y salud, empleos verdes, industria agropecuaria y turismo. #PacoPresidente'"
803654934466019329,b'Paco Moncayo G.',PacoMoncayo,2016-11-29 17:40:42,21,21,b'Corregiremos el d\xc3\xa9ficit reduciendo los gastos sup\xc3\xa9rfulos del gobierno y renegociando la deuda. #PacoPresidente'
803652208768102401,b'Paco Moncayo G.',PacoMoncayo,2016-11-29 17:29:52,32,26,b'No hay un pa\xc3\xads que se desarrolle solo desde el Estado. Debemos apoyar al sector privado para que sea fuerte.\xe2\x80\xa6 https://t.co/07Jsf4Qr5a'
803649998378455044,b'Paco Moncayo G.',PacoMoncayo,2016-11-29 17:21:05,33,33,"b'Tenemos que reconocer que la diversidad es riqueza, la diversidad es patrimonio y somos un pa\xc3\xads diverso.\xe2\x80\xa6 https://t.co/71tn2WnUd9'"
803648660856770560,b'Paco Moncayo G.',PacoMoncayo,2016-11-29 17:15:46,35,31,"b'Veo a un Ecuador productivo, competitivo, innovador, que sea una potencia agropecuaria. Tenemos futuro.\xe2\x80\xa6 https://t.co/bN7zXoS5JU'"
803647338304720896,b'Paco Moncayo G.',PacoMoncayo,2016-11-29 17:10:31,26,31,"b'Conozco el pa\xc3\xads, he vivido en todas las fronteras, no visito las provincias \xc3\xbanicamente por campa\xc3\xb1a. #PacoPresidente https://t.co/Br7iu7D3l2'"
803645501556068356,b'Paco Moncayo G.',PacoMoncayo,2016-11-29 17:03:13,1,1,b'@blastcode \xc2\xa1Claro! En https://t.co/jJ3ud7pzml \xc2\xa1gracias por el inter\xc3\xa9s!'
803644699768721408,b'Paco Moncayo G.',PacoMoncayo,2016-11-29 17:00:02,19,21,b'Hoy conversar\xc3\xa9 con los j\xc3\xb3venes de la @USFQ_Ecuador sobre mi plan de gobierno. https://t.co/FG0b9507XH'
803601160884125696,b'Paco Moncayo G.',PacoMoncayo,2016-11-29 14:07:01,25,36,"b'\xc2\xa1Qu\xc3\xa9 triste noticia la del @ChapecoenseReal! un abrazo solidario a las familias de los jugadores, a Brasil y a la hinchada.'"
803572635883945986,b'Paco Moncayo G.',PacoMoncayo,2016-11-29 12:13:40,32,25,b'Vamos a salir de la crisis JUNTOS. #PacoPresidente'
803571118061649920,b'Paco Moncayo G.',PacoMoncayo,2016-11-29 12:07:38,20,22,"b'Las embajadas deben existir porque estamos haciendo negocios con esos pa\xc3\xadses, que funcione la pol\xc3\xadtica exterior. #PacoPresidente'"
803570784564178949,b'Paco Moncayo G.',PacoMoncayo,2016-11-29 12:06:19,34,17,b'Vamos a salir del modelo extrativista. Daremos valor agregado a nuestra producci\xc3\xb3n agropecuaria. #PacoPresidente'
803570485309165568,b'Paco Moncayo G.',PacoMoncayo,2016-11-29 12:05:07,8,15,"b'Tenemos un \xc3\xa1rea de empleos verdes, que ser\xc3\xa1n financiados con bonos de carbono. #PacoPresidente'"
803569559735308288,b'Paco Moncayo G.',PacoMoncayo,2016-11-29 12:01:27,24,23,"b'Generaremos el clima adecuado para hacer negocios en Ecuador, para atraer inversiones. #PacoPresidente'"
803569340377223169,b'Paco Moncayo G.',PacoMoncayo,2016-11-29 12:00:34,53,47,b'Hay dos formas de generar empleo en el Ecuador. Lo vamos a hacer fomentando el desarrollo empresarial.\xe2\x80\xa6 https://t.co/wXLuhvHNfl'
803567125105233920,b'Paco Moncayo G.',PacoMoncayo,2016-11-29 11:51:46,13,10,b'\xc2\xa1Buenos d\xc3\xadas! A las 7:00 estar\xc3\xa9 en @teleamazonasec. Gracias por acompa\xc3\xb1arme. https://t.co/8g1dDxFDAT'
804099295246974976,b'Paco Moncayo G.',PacoMoncayo,2016-11-30 23:06:26,36,32,b'En las calles recibimos el respaldo de quienes se unen a la caravana en Dur\xc3\xa1n. #PacoPresidente https://t.co/MgSRdoJkvh'
804091136197480457,b'Paco Moncayo G.',PacoMoncayo,2016-11-30 22:34:00,29,22,b'Empezamos la caravana en #Dur\xc3\xa1n \xc2\xa1Gracias por el apoyo! https://t.co/Sp6PzJQPWc'
804034118174572544,b'Paco Moncayo G.',PacoMoncayo,2016-11-30 18:47:26,23,33,"b'El almuerzo en el restaurante Llul\xc3\xa1n, de do\xc3\xb1a B\xc3\xa9lgica Hojas de Vargas. El mejor caldo de salchicha. https://t.co/kv7lySkwdJ'"
803994989340594176,b'Paco Moncayo G.',PacoMoncayo,2016-11-30 16:11:57,30,20,"b'Caminamos con nuestros amigos de Guayaquil, por el Malec\xc3\xb3n. #PacoPresidente https://t.co/s5kmUyJuI0'"
803979910649880577,b'Paco Moncayo G.',PacoMoncayo,2016-11-30 15:12:02,56,53,"b'No basta con decir cero corrupci\xc3\xb3n, hay que decir cero impunidad. #PacoPresidente'"
803976642293014528,b'Paco Moncayo G.',PacoMoncayo,2016-11-30 14:59:03,29,18,"b'Los gastos sup\xc3\xa9rfulos son la seguridad de funcionarios p\xc3\xbablicos, excesiva propaganda, ministerios coordinadores, etc. #PacoPresidente'"
803976099873091584,b'Paco Moncayo G.',PacoMoncayo,2016-11-30 14:56:54,31,22,b'Los servidores p\xc3\xbablicos no tienen por qu\xc3\xa9 sufrir las consecuencias de un mal manejo de talento humano. Velaremos por ellos. #PacoPresidente'
803974720576221184,b'Paco Moncayo G.',PacoMoncayo,2016-11-30 14:51:25,54,47,"b'Los asamble\xc3\xadstas de nuestro bloque al primero que deben fiscalizar es a m\xc3\xad, a los ministros y a mi equipo. #PacoPresidente'"
803974225426059264,b'Paco Moncayo G.',PacoMoncayo,2016-11-30 14:49:27,13,14,"b'Trabajaremos en Ecuador como un producto tur\xc3\xadstico, de la mano con el sector privado. #PacoPresidente'"
803972976538517504,b'Paco Moncayo G.',PacoMoncayo,2016-11-30 14:44:29,24,22,"b'Dejaremos de ser un exportador primario, exportaremos bienes con alto valor agregado. #PacoPresidente https://t.co/7gFscwX1K7'"
803971360800309256,b'Paco Moncayo G.',PacoMoncayo,2016-11-30 14:38:04,30,31,b'Estamos orgullosos de exportar el mejor cacao del mundo y vamos a estar m\xc3\xa1s orgullosos cuando exportemos el mejor c\xe2\x80\xa6 https://t.co/IZqfOLAKWa'
803969045603221504,b'Paco Moncayo G.',PacoMoncayo,2016-11-30 14:28:52,30,25,"b'Ya estamos con los medios de comunicaci\xc3\xb3n en Guayaquil, presentando el Plan de Gobierno. #PacoPresidente https://t.co/RvNYGcNS9p'"
804462524427075584,b'Paco Moncayo G.',PacoMoncayo,2016-12-01 23:09:46,68,64,b'En la entrevista que me hizo @CBaumann54 me divert\xc3\xad mucho. Para m\xc3\xad no hay temas intratables. Espero sus comentarios. https://t.co/t9wKtu26ab'
804441493192773632,b'Paco Moncayo G.',PacoMoncayo,2016-12-01 21:46:12,34,30,b'En este momento empezamos el conversatorio con la C\xc3\xa1mara de L\xc3\xadderes de Organizaciones Sociales del Guayas. https://t.co/8dNepMNMvH'
804426157831680000,b'Paco Moncayo G.',PacoMoncayo,2016-12-01 20:45:16,26,78,b'Me encontr\xc3\xa9 en el hotel a @ramiroaguilart. Siempre es bueno tener contendientes con altura. https://t.co/sAYzuwzBhj'
804373771595423744,b'Paco Moncayo G.',PacoMoncayo,2016-12-01 17:17:06,36,44,b'\xc2\xa1Qu\xc3\xa9 satisfacci\xc3\xb3n encontrar una feria de microempresarios en la Universidad Cat\xc3\xb3lica Santiago de Guayaquil! \xc2\xa1Hay qu\xe2\x80\xa6 https://t.co/nSiH5LrZbx'
804373767120191489,b'Paco Moncayo G.',PacoMoncayo,2016-12-01 17:17:05,20,25,b'\xc2\xa1Gran iniciativa de los j\xc3\xb3venes de @miceucsg! \xc2\xa1Los felicito! Hagan crecer sus negocios y generen empleo con solidar\xe2\x80\xa6 https://t.co/sE7lvepIjd'
804368788095438848,b'Paco Moncayo G.',PacoMoncayo,2016-12-01 16:57:18,16,21,b'Cuando nos ponemos la camiseta del pa\xc3\xads las ideolog\xc3\xadas pasan a segundo plano y el objetivo es el desarrollo. https://t.co/WKftKX3TEh'
804365561740361728,b'Paco Moncayo G.',PacoMoncayo,2016-12-01 16:44:28,15,18,b'Tambi\xc3\xa9n conversamos sobre la importancia de la educaci\xc3\xb3n t\xc3\xa9cnica como una forma de aproximar a los j\xc3\xb3venes al traba\xe2\x80\xa6 https://t.co/7aNDsbB9xX'
804362596098904064,b'Paco Moncayo G.',PacoMoncayo,2016-12-01 16:32:41,13,13,b'Con Mauro Toscanini hablamos de la importancia de la democracia en territorio y la autonom\xc3\xada necesaria para municip\xe2\x80\xa6 https://t.co/VVJTX9lxWX'
804362536489517056,b'Paco Moncayo G.',PacoMoncayo,2016-12-01 16:32:27,13,10,"b'Es un honor para m\xc3\xad atender a la invitaci\xc3\xb3n de la Universidad Cat\xc3\xb3lica Santiago de Guayaquil, Mauro Toscanini. https://t.co/Wi9FZMZLnH'"
804312793948233728,b'Paco Moncayo G.',PacoMoncayo,2016-12-01 13:14:48,3,0,"b'@Velastegui7183 @ID12Ecuador @jimmyjairala @Wilmandrade @cendemocratico aqu\xc3\xad, estimado https://t.co/jJ3ud7pzml'"
804307161077714944,b'Paco Moncayo G.',PacoMoncayo,2016-12-01 12:52:25,7,11,"b'A las 8:00 estar\xc3\xa9 en @radiocentroec 101.3 #Guayaquil, hablando sobre nuestro Plan de Gobierno.'"
804297004457349120,b'Paco Moncayo G.',PacoMoncayo,2016-12-01 12:12:03,19,24,b'Debemos devolverle a la sociedad la potestad de controlar a los mandatarios. @ecuavisaopinion'
804296946215227392,b'Paco Moncayo G.',PacoMoncayo,2016-12-01 12:11:49,28,22,"b'Los gobiernos hiperpresidencialistas no pueden controlar la corrupci\xc3\xb3n, justamente por la falta de divisi\xc3\xb3n de funciones. @ecuavisaopinion'"
804285493122924544,b'Paco Moncayo G.',PacoMoncayo,2016-12-01 11:26:19,13,15,"b'\xc2\xa1Buenos d\xc3\xadas! Hoy estar\xc3\xa9 desde Guayaquil, en directo por @ecuavisa a las 7:00. \xc2\xa1Acomp\xc3\xa1\xc3\xb1enme!'"
804133650312871947,b'Paco Moncayo G.',PacoMoncayo,2016-12-01 01:22:56,42,45,b'Declaro inaugurada la sede en Dur\xc3\xa1n de nuestra campa\xc3\xb1a \xc2\xa1Gracias por todo el apoyo! #PacoPresidente https://t.co/PIDYcCQbLc'
804834033079304192,b'Paco Moncayo G.',PacoMoncayo,2016-12-02 23:46:01,9,15,b'Ahora en caravana por las calles de Babahoyo \xc2\xa1Gracias por todo el apoyo! #PacoPresidente https://t.co/3k2iqq1bQi'
804793210128179200,b'Paco Moncayo G.',PacoMoncayo,2016-12-02 21:03:48,28,24,"b'En #Quevedo, con los ecuatorianos con quienes vamos a construir el futuro, con quienes haremos de Ecuador una poten\xe2\x80\xa6 https://t.co/1psmuurJYE'"
804754477630849024,b'Paco Moncayo G.',PacoMoncayo,2016-12-02 18:29:53,27,26,b'Escuchar las necesidades del sector agr\xc3\xadcola es el primer paso para ser una potencia agroalimentaria. Lo haremos co\xe2\x80\xa6 https://t.co/pLN0oaNdyv'
804753274368888833,b'Paco Moncayo G.',PacoMoncayo,2016-12-02 18:25:06,13,19,"b'Almorzar\xc3\xa9 con bananeros y acuacultores de Esmeraldas, Los R\xc3\xados y Machala, en Quevedo. #PacoPresidente https://t.co/Avvhhp3VtZ'"
804744377616764928,b'Paco Moncayo G.',PacoMoncayo,2016-12-02 17:49:45,66,21,b'\xc2\xa1\xc3\x89xitos Monse! Recoge y transm\xc3\xadtenos las inquietudes de nuestros hermanos migrantes. https://t.co/Ar8r1GD6ai'
804713744576159746,b'Paco Moncayo G.',PacoMoncayo,2016-12-02 15:48:02,57,47,"b'El candidato al que voy a apoyar en segunda vuelta soy yo. Debemos cambiar el modelo econ\xc3\xb3mico, no creemos en el continuismo #PacoPresidente'"
804704723479777280,b'Paco Moncayo G.',PacoMoncayo,2016-12-02 15:12:11,32,29,b'Pensamos en un pa\xc3\xads que sea una potencia agroalimentaria y sabemos que este proceso debe empezar tambi\xc3\xa9n en Los R\xc3\xados. #PacoPresidente'
804704504893603844,b'Paco Moncayo G.',PacoMoncayo,2016-12-02 15:11:19,19,20,"b'Trabajaremos con los prefectos para incentivar la agricultura con capacitaci\xc3\xb3n, tecnificaci\xc3\xb3n, cr\xc3\xa9dito y asociatividad. #PacoPresidente'"
804703191019515905,b'Paco Moncayo G.',PacoMoncayo,2016-12-02 15:06:06,18,17,b'Empezamos la rueda de prensa con los medios de comunicaci\xc3\xb3n y nuestros candidatos a la Asamblea en Babahoyo.\xe2\x80\xa6 https://t.co/zqsApcLbUD'
804687510316220416,b'Paco Moncayo G.',PacoMoncayo,2016-12-02 14:03:47,27,32,"b'La mejor forma de hacer gobierno es escuchar a las personas, sus necesidades y sue\xc3\xb1os. \xc2\xa1Gracias por el apoyo babaho\xe2\x80\xa6 https://t.co/LkRpjf2ZWN'"
804667754473263104,b'Paco Moncayo G.',PacoMoncayo,2016-12-02 12:45:17,15,21,"b'Ahora, por @RadioLibre9 estar\xc3\xa9 con @LourdesTiban conversando sobre nuestros proyectos para el futuro del pa\xc3\xads. https://t.co/eCWbiMQYQg'"
804662808520617984,b'Paco Moncayo G.',PacoMoncayo,2016-12-02 12:25:38,15,18,b'No vamos a permitir la impunidad. La corrupci\xc3\xb3n nos quita escuelas para nuestros ni\xc3\xb1os y seguridad para nuestras familias @C6Television'
804657123640623104,b'Paco Moncayo G.',PacoMoncayo,2016-12-02 12:03:02,10,14,"b'\xc2\xa1Buenos d\xc3\xadas! Amanece en Babahoyo y estar\xc3\xa9 en el canal @C6Television, conversando sobre el Plan de Gobierno.'"
805141902408421376,b'Paco Moncayo G.',PacoMoncayo,2016-12-03 20:09:23,124,76,b'Sobre la ley de plusval\xc3\xada: #PacoPresidente https://t.co/jBvAVRKgMe'
804843023024713729,b'Paco Moncayo G.',PacoMoncayo,2016-12-03 00:21:44,27,32,b'Terminamos la caravana con una reuni\xc3\xb3n con las juventudes de @ID12Ecuador de Los R\xc3\xados. \xc2\xa1Gracias fluminenses por el\xe2\x80\xa6 https://t.co/RI52oDenlI'
805480328517320704,b'Paco Moncayo G.',PacoMoncayo,2016-12-04 18:34:10,47,53,"b'Felicidades a @BarcelonaBSC por su nuevo t\xc3\xadtulo. En las grandes rivalidades, el \xc3\xa9xito del rival motiva y emociona.\xe2\x80\xa6 https://t.co/8sR4LBChao'"
805902996265717760,b'Paco Moncayo G.',PacoMoncayo,2016-12-05 22:33:41,21,18,b'Continuamos con m una marcha con los ambate\xc3\xb1os. \xc2\xa1Gracias por el respaldo! https://t.co/Ku4tLWmAvt'
805891601872601089,b'Paco Moncayo G.',PacoMoncayo,2016-12-05 21:48:25,2,3,b'@ernesto62009 @omarslopezarce comparto con ustedes mi postura sobre esa ley. Tengan una buena tarde https://t.co/fTpDXbrJWi'
805891316676755456,b'Paco Moncayo G.',PacoMoncayo,2016-12-05 21:47:17,48,47,"b'En mi gobierno no existir\xc3\xa1n los ministros de talla \xc3\xbanica, que puedan estar en cualquier puesto. Necesitamos t\xc3\xa9cnicos. #PacoPresidente'"
805886458066309120,b'Paco Moncayo G.',PacoMoncayo,2016-12-05 21:27:58,43,44,"b'El presidente debe trabajar con todos los alcaldes, sin que importe de qu\xc3\xa9 partido son. Hay que descentralizar el p\xe2\x80\xa6 https://t.co/jUwhbTG4vX'"
805878476196769793,b'Paco Moncayo G.',PacoMoncayo,2016-12-05 20:56:15,29,26,"b'Hablamos de un pa\xc3\xads competitivo, lleno de emprendedores que puedan dejar aqu\xc3\xad su esfuerzo y sus sue\xc3\xb1os.\xe2\x80\xa6 https://t.co/ieasPfLgAZ'"
805878298890870785,b'Paco Moncayo G.',PacoMoncayo,2016-12-05 20:55:33,17,12,b'En este momento empezamos el conversatorio con el Consorcio de C\xc3\xa1maras de la Producci\xc3\xb3n de Tungurahua.\xe2\x80\xa6 https://t.co/EGjizNebYE'
805855104909901825,b'Paco Moncayo G.',PacoMoncayo,2016-12-05 19:23:23,32,33,"b'""No se olvide de las mujeres trabajadoras"" me piden en el Mercado Central. Mi admiraci\xc3\xb3n, respeto y todos mis esfue\xe2\x80\xa6 https://t.co/TxPfuNDqWY'"
805846715102330880,b'Paco Moncayo G.',PacoMoncayo,2016-12-05 18:50:03,33,47,b'El cari\xc3\xb1o de las personas que trabajan en el Mercado Central de Ambato. \xc2\xa1Dios les pague por tanto! \xc2\xa1Casi no avanzo! https://t.co/URSUTKcDFH'
805845914967482368,b'Paco Moncayo G.',PacoMoncayo,2016-12-05 18:46:52,19,30,b'Almorzamos en el Mercado Central \xc2\xa1No pod\xc3\xada perderme los llapingachos! https://t.co/QNmr9e7hL2'
805837200768245761,b'Paco Moncayo G.',PacoMoncayo,2016-12-05 18:12:15,27,31,b'\xc2\xa1Gracias por el apoyo j\xc3\xb3venes ambate\xc3\xb1os! \xc2\xa1Gracias por las preguntas y el inter\xc3\xa9s en construir el futuro que so\xc3\xb1amos\xe2\x80\xa6 https://t.co/t8VKUeRx1M'
805831514743259137,b'Paco Moncayo G.',PacoMoncayo,2016-12-05 17:49:39,44,36,b'\xc2\xbfD\xc3\xb3nde reubicar\xc3\xa9 a los empleados p\xc3\xbablicos de los ministerios coordinadores? En \xc3\xa1reas como la salud y servicios b\xc3\xa1si\xe2\x80\xa6 https://t.co/BYukYIGyYt'
805828253772632064,b'Paco Moncayo G.',PacoMoncayo,2016-12-05 17:36:41,27,18,"b'Ecuador ser\xc3\xa1 un pa\xc3\xads productivo, competitivo e innovador. Ecuador tiene futuro con las personas correctas.\xe2\x80\xa6 https://t.co/UYy9by1ZYP'"
805821263511961601,b'Paco Moncayo G.',PacoMoncayo,2016-12-05 17:08:55,0,2,"b'@andradec159 estimado, lo invito a leer mi Plan de Gobierno https://t.co/jJ3ud7pzml'"
805818116932517892,b'Paco Moncayo G.',PacoMoncayo,2016-12-05 16:56:25,22,18,b'\xc2\xa1Qu\xc3\xa9 alegr\xc3\xada reunirme con los estudiantes de @UNIANDES_ec en Ambato! Conversaremos sobre el Plan de Gobierno y el f\xe2\x80\xa6 https://t.co/TqZWVqyzCI'
805797117910548481,b'Paco Moncayo G.',PacoMoncayo,2016-12-05 15:32:58,36,30,b'Cuando sea presidente auditar\xc3\xa9 todos los pr\xc3\xa9stamos chinos. #PacoPresidente'
805797093885546496,b'Paco Moncayo G.',PacoMoncayo,2016-12-05 15:32:52,24,16,b'El encaje bancario deja inmovilizados 750 millones de d\xc3\xb3lares. Esta no es una idea inteligente durante la crisis. #PacoPresidente'
805797070816903168,b'Paco Moncayo G.',PacoMoncayo,2016-12-05 15:32:47,47,36,"b'Las obras p\xc3\xbablicas se hacen con el dinero del pueblo, el impuesto a la plusval\xc3\xada es un sobreimpuesto de algo que ya pagamos. #PacoPresidente'"
805797052823334912,b'Paco Moncayo G.',PacoMoncayo,2016-12-05 15:32:43,25,10,b'Nuestra visi\xc3\xb3n de pa\xc3\xads es que genere empleos desde el sector privado. Racionalizaremos los impuestos y planteamos incentivos #PacoPresidente'
805789726653501440,b'Paco Moncayo G.',PacoMoncayo,2016-12-05 15:03:36,15,15,"b'Empezamos la rueda de prensa en Ambato, daremos a conocer nuestro Plan de Gobierno. #PacoPresidente https://t.co/wgjmAmCWSo'"
805757951805968388,b'Paco Moncayo G.',PacoMoncayo,2016-12-05 12:57:20,18,20,"b'Los servicios exteriores son para mantener negocios con otros pa\xc3\xadses y cuidar a los inmigrantes, no para debatir ideolog\xc3\xadas. #PacoPresidente'"
805755017386983424,b'Paco Moncayo G.',PacoMoncayo,2016-12-05 12:45:41,30,28,b'Hay que escuchar a la gente. Hay que saber qu\xc3\xa9 espera la gente del gobierno y qu\xc3\xa9 quiere hacer en conjunto con \xc3\xa9l. #PacoPresidente'
805753376105439232,b'Paco Moncayo G.',PacoMoncayo,2016-12-05 12:39:09,21,25,"b'En este momento empiezo mi entrevista en el canal 34 @UNIMAXTV, #Ambato. https://t.co/LaRPYuaPz9'"
805751606885093376,b'Paco Moncayo G.',PacoMoncayo,2016-12-05 12:32:07,31,26,b'Hay que quitarle los l\xc3\xadmites a los j\xc3\xb3venes en su educaci\xc3\xb3n. Haremos una reforma total. #PacoPresidente https://t.co/ZIzDuFBtbO'
805749428283985920,b'Paco Moncayo G.',PacoMoncayo,2016-12-05 12:23:28,72,66,"b'La corrupci\xc3\xb3n no le roba plata al estado, le quita educaci\xc3\xb3n, salud y seguridad a los ecuatorianos. #PacoPresidente'"
805747919479566336,b'Paco Moncayo G.',PacoMoncayo,2016-12-05 12:17:28,17,12,b'Proponemos fortalecer al sector privado como generador de riqueza. #PacoPresidente'
805747560719810560,b'Paco Moncayo G.',PacoMoncayo,2016-12-05 12:16:03,29,23,b'Eliminaremos las salvaguardias y retiraremos algunos impuestos. #PacoPresidente'
805735992892280832,b'Paco Moncayo G.',PacoMoncayo,2016-12-05 11:30:05,8,8,"b'\xc2\xa1Buenos d\xc3\xadas! A las 6:50 estar\xc3\xa9 en Radio Centro, Ambato, 91.7 FM. Acomp\xc3\xa1\xc3\xb1enme para conversar sobre mi Plan de Gobierno. #PacoPresidente'"
805592734400741381,b'Paco Moncayo G.',PacoMoncayo,2016-12-05 02:00:49,58,53,b'Los invito a revisar nuestro Plan de Gobierno en https://t.co/jJ3ud7pzml  #PacoPresidente'
