id,name,screen_name,created_at,retweet_count,favorite_count,text
803312728303685632,b'Ramiro Aguilar',ramiroaguilart,2016-11-28 19:00:53,0,1,b'@xsubia @elcomerciocom nada pana fue un accidente'
803294707199672321,b'Ramiro Aguilar',ramiroaguilart,2016-11-28 17:49:17,5,6,b'@xsubia  espero que nuestros lectores tengan una idea m\xc3\xa1s clara de c\xc3\xb3mo y por qu\xc3\xa9 salen ciertas encuestas con ciertos datos un abrazo'
803292391973208064,b'Ramiro Aguilar',ramiroaguilart,2016-11-28 17:40:05,4,2,b'@xsubia  y cada medici\xc3\xb3n deber\xc3\xada ser por lo bajo cada dos semanas o sea unos 140 mil d\xc3\xb3lares cada dos semanas en t\xc3\xa9rminos ideales?'
803291630430224384,b'Ramiro Aguilar',ramiroaguilart,2016-11-28 17:37:03,5,4,"b'Una muestra de seis mil encuestados costar\xc3\xada m\xc3\xa1s menos unos 70 mil d\xc3\xb3lares por cada medici\xc3\xb3n, estoy en lo correcto @xsubia ???'"
803291163633405953,b'Ramiro Aguilar',ramiroaguilart,2016-11-28 17:35:12,0,1,b'20 mil d\xc3\xb3lares si son solamente dos mil encuestados pero si son los 6 mil que ser\xc3\xada la muestra ideal? https://t.co/CNp90UAga1'
803291008599367680,b'Ramiro Aguilar',ramiroaguilart,2016-11-28 17:34:35,1,0,b'lo que nos lleva a un costo total en caso de que sean los 6000 encuestados ideales a nivel nacional a un costo tota\xe2\x80\xa6 https://t.co/ln52iddhBp'
803290365243559937,b'Ramiro Aguilar',ramiroaguilart,2016-11-28 17:32:02,0,2,b'Otro punto importante https://t.co/GTwlvBg66S'
803290293621530624,b'Ramiro Aguilar',ramiroaguilart,2016-11-28 17:31:45,0,0,b'@xsubia luego cu\xc3\xa1nto te cuesta en total una encuesta de la magnitud y seriedad de la que estamos hablando?'
803289918915117056,b'Ramiro Aguilar',ramiroaguilart,2016-11-28 17:30:15,0,0,"b'.. @xsubia ahora dame el estimado del costo por cada encuestado es decir encuestador, movilidad alimentaci\xc3\xb3n etc.'"
803289733300416512,b'Ramiro Aguilar',ramiroaguilart,2016-11-28 17:29:31,0,0,b'ok punto n\xc3\xbamero uno seis mil encuestados https://t.co/unWz1ejV1F'
803289485056364544,b'Ramiro Aguilar',ramiroaguilart,2016-11-28 17:28:32,0,0,b'@xsubia dame el n\xc3\xbamero ideal'
803289392542523393,b'Ramiro Aguilar',ramiroaguilart,2016-11-28 17:28:10,0,0,b'@xsubia te hablo de una encuesta nacional de todos los segmentos socio econ\xc3\xb3micos urbanos rurales y por edad'
803288984373710848,b'Ramiro Aguilar',ramiroaguilart,2016-11-28 17:26:32,0,0,b'@xsubia seamos objetivos queremos saber la verdad para que la encuesta sea v\xc3\xa1lida cu\xc3\xa1ntos encuestados deben haber?'
803288478712795136,b'Ramiro Aguilar',ramiroaguilart,2016-11-28 17:24:32,0,0,b'@estebanavila  Trump criollo hizo su agosto https://t.co/tPmcmR0ncQ'
803288210482888704,b'Ramiro Aguilar',ramiroaguilart,2016-11-28 17:23:28,0,0,b'@xsubia Para que una muestra sea v\xc3\xa1lida cu\xc3\xa1ntos encuestados necesitas a nivel nacional por segmento poblacional regi\xc3\xb3n y edad?'
803287995017105408,b'Ramiro Aguilar',ramiroaguilart,2016-11-28 17:22:37,0,0,b'@xsubia a ver pana ilustremos un poco a nuestros amigos tuiteros sobre encuestas'
803284491238182913,b'Ramiro Aguilar',ramiroaguilart,2016-11-28 17:08:41,0,1,b'@xsubia estas por ah\xc3\xad?'
803105640906391552,b'Ramiro Aguilar',ramiroaguilart,2016-11-28 05:18:00,0,0,b'@La_chica_velcro ya me voy a dormir aunque te duela pq no viste @Hora25Ec mala rival!!! \xf0\x9f\x98\x82'
803105114068238336,b'Ramiro Aguilar',ramiroaguilart,2016-11-28 05:15:54,0,0,b'Descansad.'
803104719136817153,b'Ramiro Aguilar',ramiroaguilart,2016-11-28 05:14:20,0,0,b'@TheSantinoBoy lo estar\xc3\xa1s solo nobte prwjuicies y escuchanos. Un abrazo descansa'
803103747916333056,b'Ramiro Aguilar',ramiroaguilart,2016-11-28 05:10:29,0,0,b'@TheSantinoBoy que te pareci\xc3\xb3 lo de hoy lo viste????'
803103637354545152,b'Ramiro Aguilar',ramiroaguilart,2016-11-28 05:10:02,0,1,b'@TheSantinoBoy gracias y danos la oportunidad de plantearte a ti y al pais nuestro plan de gobierno que es muy prudente nada demag\xc3\xb3gico'
803103252271071232,b'Ramiro Aguilar',ramiroaguilart,2016-11-28 05:08:30,0,0,b'@TheSantinoBoy por eso  elecci\xc3\xb3n esta totalmente abierta depende de debates como el de hoy en @Hora25Ec y que cada uno identifique la verdad'
803102893792489472,b'Ramiro Aguilar',ramiroaguilart,2016-11-28 05:07:05,0,1,b'@TheSantinoBoy por eso la encuestadora cercana a cada grupo te quiere poner segundo pa que la gente vote por el segundo'
803102725428936704,b'Ramiro Aguilar',ramiroaguilart,2016-11-28 05:06:25,0,0,b'@TheSantinoBoy las encuestas ninguna'
803102685528526851,b'Ramiro Aguilar',ramiroaguilart,2016-11-28 05:06:15,0,1,b'@TheSantinoBoy la que sientas ideologucamente mas cercana a ti y la quebte diga la verdad o sea ofrezca solo lo que se oueda cumplir esa'
803102052540743680,b'Ramiro Aguilar',ramiroaguilart,2016-11-28 05:03:44,0,1,b'@TheSantinoBoy no especulo Santimo. Nosotros cumplimos nuestra parte darle al Ecuador una alternativa real y confiable de voto'
803101221406015488,b'Ramiro Aguilar',ramiroaguilart,2016-11-28 05:00:26,0,1,b'@TheSantinoBoy la de Market? Inverosimil.'
803099590266384384,b'Ramiro Aguilar',ramiroaguilart,2016-11-28 04:53:57,0,0,b'@La_chica_velcro me estalkeaste?'
803709261331267584,b'Ramiro Aguilar',ramiroaguilart,2016-11-29 21:16:34,0,2,b'@dianasierrap @fabriciovelav @alexismoncayo gracias!!! Yo llevo al Obispo!!! \xf0\x9f\x98\x82'
803707621526081537,b'Ramiro Aguilar',ramiroaguilart,2016-11-29 21:10:03,1,2,"b'como si ante ellos,\xc2\xa0\nla resaca de todo lo sufrido\xc2\xa0\nse empozara en el alma... \xc2\xa1Yo no s\xc3\xa9!'"
803707584016502785,b'Ramiro Aguilar',ramiroaguilart,2016-11-29 21:09:54,1,1,"b'Hay golpes en la vida, tan fuertes... \xc2\xa1Yo no s\xc3\xa9!\xc2\xa0\nGolpes como del odio de Dios;'"
803707496732958725,b'Ramiro Aguilar',ramiroaguilart,2016-11-29 21:09:34,1,4,b'Nadie repito nadie ha definido la escencia del dolor como C\xc3\xa9sar Vallejo en sus Heraldos Negros'
803707229086027776,b'Ramiro Aguilar',ramiroaguilart,2016-11-29 21:08:30,0,1,b'@dianasierrap @fabriciovelav @alexismoncayo si claro si acabas de hacer la Primera Comuni\xc3\xb3n! \xf0\x9f\x98\x82'
803706637777334273,b'Ramiro Aguilar',ramiroaguilart,2016-11-29 21:06:09,1,1,b'@dianasierrap @fabriciovelav @alexismoncayo el FV y el AM parecen Blasco Moscoso y Pancho Moreno del TW. Diana ni sabe quienes eran! \xf0\x9f\x98\x82'
803678378687680513,b'Ramiro Aguilar',ramiroaguilart,2016-11-29 19:13:51,0,1,b'@nubiasandovalz no. NUBIA \xf0\x9f\x98\x82\xf0\x9f\x98\x82\xf0\x9f\x98\x82\xf0\x9f\x98\x82'
803678215051116545,b'Ramiro Aguilar',ramiroaguilart,2016-11-29 19:13:12,0,3,b'@magyorellana @wilsonchicaiza @CarlaMaldonadoP Magali!!!!!! Otra gran asamble\xc3\xadsta! Futura alcaldeza del Coca!'
803677481173663744,b'Ramiro Aguilar',ramiroaguilart,2016-11-29 19:10:17,0,1,b'@NataCassette hasta te perdonamos las deudas y te enterramos con pena!! Estas viva!!!! Dele ah\xc3\xad!!!'
803676512935440384,b'Ramiro Aguilar',ramiroaguilart,2016-11-29 19:06:26,3,2,"b'@wilsonchicaiza @CarlaMaldonadoP mi pana el ""aut\xc3\xa9ntico"" es un gran asamble\xc3\xadsta merec\xc3\xada reelecci\xc3\xb3n!'"
803598769044541440,b'Ramiro Aguilar',ramiroaguilart,2016-11-29 13:57:31,0,2,b'@ChapecoenseReal su dolor es el dolor de muchos de nosotros ! Estamos con ustedes!!!'
803597990950629376,b'Ramiro Aguilar',ramiroaguilart,2016-11-29 13:54:25,13,31,b'Lo de Medellin me ha dejado  atontado les juro que cosa m\xc3\xa1s tenaz la fragilidad de la vida......'
803587260574826496,b'Ramiro Aguilar',ramiroaguilart,2016-11-29 13:11:47,8,7,b'Buenos dias que terrible noticia me he quedado sin palabras. https://t.co/kebwff5Az6'
803453444019417088,b'Ramiro Aguilar',ramiroaguilart,2016-11-29 04:20:03,0,0,b'@lepantox jajajajaja as\xc3\xad te leo!!!'
803452373972684800,b'Ramiro Aguilar',ramiroaguilart,2016-11-29 04:15:48,0,0,b'@lepantox hoy estas de malgenio \xf0\x9f\x98\x82\xf0\x9f\x98\x82\xf0\x9f\x98\x82'
803451043463987201,b'Ramiro Aguilar',ramiroaguilart,2016-11-29 04:10:30,0,1,b'@La_chica_velcro QUE NO!'
803449955977428992,b'Ramiro Aguilar',ramiroaguilart,2016-11-29 04:06:11,0,1,b'@La_chica_velcro NOOOOOOO PROHIBIDO NOOOOO Y PUNTO'
803444584579792897,b'Ramiro Aguilar',ramiroaguilart,2016-11-29 03:44:50,0,1,b'Jajajajajaja esta Dama me encanta es mi rival pero me encanta! https://t.co/zLs30XTlDa'
803443663137292288,b'Ramiro Aguilar',ramiroaguilart,2016-11-29 03:41:11,0,1,b'@La_chica_velcro s\xc3\xa9 buena chica y reconoce que esta vez te sacamos dos generaciones de ventaja! https://t.co/0WGxepNdhx \xf0\x9f\x98\x8d'
803442347023499268,b'Ramiro Aguilar',ramiroaguilart,2016-11-29 03:35:57,2,9,b'Hoy alguien me pregunt\xc3\xb2 c\xc3\xb3mo fue concebida su campa\xc3\xb1a? Y yo  respond\xc3\xad: con amor! \xf0\x9f\x98\x82\xf0\x9f\x98\x82'
803442086985003008,b'Ramiro Aguilar',ramiroaguilart,2016-11-29 03:34:55,1,8,b'Perdonen pero la politica sin compartir anecdotas con los panas no es lo mismo'
803441871980740608,b'Ramiro Aguilar',ramiroaguilart,2016-11-29 03:34:04,0,1,b'@TheSantinoBoy abrir\xc3\xa9 una cuenta con el nombre de Alberto de Reis y ser\xc3\xa1 mi heter\xc3\xb3nomo pero nadie lo sabr\xc3\xa1 \xf0\x9f\x98\x82'
803441025217916928,b'Ramiro Aguilar',ramiroaguilart,2016-11-29 03:30:42,1,4,b'Esto es modernidad en politica https://t.co/0WGxepNdhx'
803440884977201152,b'Ramiro Aguilar',ramiroaguilart,2016-11-29 03:30:08,0,0,b'@TheSantinoBoy no. Gobernar es otro cantar pana. Pero les seguir\xc3\xa9 leyendo as\xc3\xad que escribir\xc3\xa1s bonito \xf0\x9f\x98\x82'
803436229077467137,b'Ramiro Aguilar',ramiroaguilart,2016-11-29 03:11:38,0,1,b'Bueeeeeeno les he le\xc3\xaddo a todos. Maoma nom\xc3\xa1s han estado hoy. Descansad.'
803433124583579648,b'Ramiro Aguilar',ramiroaguilart,2016-11-29 02:59:18,0,0,b'@gabita y olla de barro'
803432787059605504,b'Ramiro Aguilar',ramiroaguilart,2016-11-29 02:57:58,1,3,b'Esta noche se TW no es la misma sin @NataCassette d\xc3\xb3nde te metiste?????'
803432104298237952,b'Ramiro Aguilar',ramiroaguilart,2016-11-29 02:55:15,0,0,b'@mariapazza @QuitoInk @nu_beltran hecho!!!!'
803431982638178304,b'Ramiro Aguilar',ramiroaguilart,2016-11-29 02:54:46,0,2,b'@AlecCardenas @adanbe21 y pq cone bollo!!! Lo cual nos consta! \xf0\x9f\x98\x82'
803428375780069382,b'Ramiro Aguilar',ramiroaguilart,2016-11-29 02:40:26,0,1,b'@nubiasandovalz \xf0\x9f\x98\x82\xf0\x9f\x98\x82\xf0\x9f\x98\x82\xf0\x9f\x98\x82\xf0\x9f\x98\x82\xf0\x9f\x98\x82\xf0\x9f\x98\x82\xf0\x9f\x98\x82\xf0\x9f\x98\x82\xf0\x9f\x98\x82\xf0\x9f\x98\x82\xf0\x9f\x98\x82\xf0\x9f\x98\x82\xf0\x9f\x98\x82\xf0\x9f\x98\x82\xf0\x9f\x98\x82\xf0\x9f\x98\x82\xf0\x9f\x98\x82\xf0\x9f\x98\x82 que car\xc3\xa1cter!!!!!!'
803427672974098432,b'Ramiro Aguilar',ramiroaguilart,2016-11-29 02:37:38,0,0,b'@nubiasandovalz jajajajajajaja peesenta a la bruja pq la fofa ya es mi pana!!! \xf0\x9f\x98\x82\xf0\x9f\x98\x82\xf0\x9f\x98\x82\xf0\x9f\x98\x82'
803425711847510016,b'Ramiro Aguilar',ramiroaguilart,2016-11-29 02:29:51,0,1,b'@adanbe21 ???????? \xf0\x9f\x98\x82\xf0\x9f\x98\x82\xf0\x9f\x98\x82\xf0\x9f\x98\x82\xf0\x9f\x98\x82\xf0\x9f\x98\xb2\xf0\x9f\x98\xb2\xf0\x9f\x98\xb2'
803425513939341312,b'Ramiro Aguilar',ramiroaguilart,2016-11-29 02:29:04,0,0,b'@mariapazza @QuitoInk @nu_beltran ???????'
803418785118121989,b'Ramiro Aguilar',ramiroaguilart,2016-11-29 02:02:19,0,1,b'@adanbe21 nada aqui no pasa es nada flaco!!!'
803411409480667144,b'Ramiro Aguilar',ramiroaguilart,2016-11-29 01:33:01,0,1,b'@_SuExcelencia @PriscilaAnasco y luego de sobredosis de yahuarlocro\xf0\x9f\x98\x82\xf0\x9f\x98\x82'
803411264886214656,b'Ramiro Aguilar',ramiroaguilart,2016-11-29 01:32:26,0,2,b'@LDU_Oficial traten de contratar DT mexicano hagan caso preguntar no cuesta nada.'
803410760533680128,b'Ramiro Aguilar',ramiroaguilart,2016-11-29 01:30:26,1,4,b'@_SuExcelencia @PriscilaAnasco  ella es la valiente dice que te admira yo le digo que eres como la jueza poderosa pero en humor y no me cree'
803410285457526789,b'Ramiro Aguilar',ramiroaguilart,2016-11-29 01:28:33,0,1,b'@antidignas con qui\xc3\xa9n te boxeas?'
803408253162029057,b'Ramiro Aguilar',ramiroaguilart,2016-11-29 01:20:28,0,2,b'@_Jon1Tan_ como decia un amigo mio que era bien de andar noche: preguntar no cuesta nada. \xf0\x9f\x98\x82'
803407738273406976,b'Ramiro Aguilar',ramiroaguilart,2016-11-29 01:18:26,0,1,b'@PriscilaAnasco aqu\xc3\xad le dejo a @_SuExcelencia \xf0\x9f\x98\x82\xf0\x9f\x98\x82\xf0\x9f\x98\x82\xf0\x9f\x98\x82\xf0\x9f\x98\x82'
803407133689659392,b'Ramiro Aguilar',ramiroaguilart,2016-11-29 01:16:01,3,4,b'@albodanny @daloes10 esa es la actitud!!! Un abrazo!!!'
803406653471199232,b'Ramiro Aguilar',ramiroaguilart,2016-11-29 01:14:07,1,3,b'@LDU_Oficial intenten Wacho Vera de BSC  y Burbano de Emelec nada se pierde preguntando y el piojo Herrera de DT'
803406335144591360,b'Ramiro Aguilar',ramiroaguilart,2016-11-29 01:12:51,0,1,b'@albodanny @daloes10 cuando Dalo lo estime conveniente sin dejarse presionar de nadie panas. Estamos?'
803406056168837120,b'Ramiro Aguilar',ramiroaguilart,2016-11-29 01:11:45,0,3,b'@_SuExcelencia una amiga me acaba de decir que le haces reir tanto que est\xc3\xa1 dispuesta a lidiar con tus 23 ex esposas! \xf0\x9f\x98\x89'
803405684368871424,b'Ramiro Aguilar',ramiroaguilart,2016-11-29 01:10:16,0,2,b'Al fin!!!!!!! https://t.co/3RA05AHJYJ'
803405513539063809,b'Ramiro Aguilar',ramiroaguilart,2016-11-29 01:09:35,0,1,b'@Sinclair1182 jajaja hasta que nos pidan trabajo. No hay intelectual m\xc3\xa1s agradecido que el intelectual empleado!  \xf0\x9f\x98\x82 ah\xc3\xad acabar\xc3\xa1 la cr\xc3\xadtica.'
803403402701111296,b'Ramiro Aguilar',ramiroaguilart,2016-11-29 01:01:12,10,14,b'Por cierto esa vaina que no sirve se llama SENPLADES COM M DE MALO DE PESIMO \xf0\x9f\x98\x82\xf0\x9f\x98\x82\xf0\x9f\x98\x82'
803402855398903812,b'Ramiro Aguilar',ramiroaguilart,2016-11-29 00:59:01,5,10,b'Dicho lo cual......!  Quedan sus mercedes como siempre en libertad de votar por quien mejor les represente no por el que va segundo \xf0\x9f\x98\x82'
803402563693477888,b'Ramiro Aguilar',ramiroaguilart,2016-11-29 00:57:52,20,12,b'Ni el Ecuador ser\xc3\xa1 Venezuela ni este es el paraiso terrenal. Hay un punto medio que los no odiadores podemos ubicar con certeza.'
803402021936238592,b'Ramiro Aguilar',ramiroaguilart,2016-11-29 00:55:43,7,3,b'Estas elecciones marcar\xc3\xa1n la entrada definitiva del Ecuador en el siglo XXI. Estamos??'
803401455948460033,b'Ramiro Aguilar',ramiroaguilart,2016-11-29 00:53:28,5,4,b'Es el pueblo con su voto quien hablar\xc3\xa1 y no necesita voceros ni gente que le diga vota por el segundo ni libros de politica o estad\xc3\xadsticas'
803401162623959041,b'Ramiro Aguilar',ramiroaguilart,2016-11-29 00:52:18,4,5,b'@daloes10 y yo tomamos la campa\xc3\xb1a con humildad dando la cara sin rumores ni voceros ni encuetas a dedo.'
803400836445601792,b'Ramiro Aguilar',ramiroaguilart,2016-11-29 00:51:00,4,4,b'El ciudadano quiere comunicacion directa con el politico asi como estanos ustedes y yo ahorita.'
803400624431841280,b'Ramiro Aguilar',ramiroaguilart,2016-11-29 00:50:09,10,9,b'El elector quiere la verdad por cruda que sea. Para planes los de la SEMPLADES que costaron jna brutalidad y no sirven para nada'
803400420106375168,b'Ramiro Aguilar',ramiroaguilart,2016-11-29 00:49:21,7,6,b'Creen que la gente come cuento. Error. El mundo cambi\xc3\xb3. Ya el miedo o el rumor o la seudo intelectualidad no funcionan'
803400138580496384,b'Ramiro Aguilar',ramiroaguilart,2016-11-29 00:48:14,4,6,b'Luego dicen que tama\xc3\xb1o del plan de gobierno cuando en realidad se presentan ejes de gobierno. Cu\xc3\xa1ntos kilos debe pesar plan para que sea ok?'
803399692172271616,b'Ramiro Aguilar',ramiroaguilart,2016-11-29 00:46:27,8,9,b'Las encuestas de verdad con muestras de 6 mil personas minimo cuestan 70 mil es impoisble que una campa\xc3\xb1a normal se gaste eso cada 2 semanas'
803399256816095232,b'Ramiro Aguilar',ramiroaguilart,2016-11-29 00:44:43,6,9,b'Ahora andan con el tema de que hay que votar por el que va segundo. Y cuando uno les pregunta y como sabes qui\xc3\xa9n va 2o? Dicen encuestas'
803399023583494144,b'Ramiro Aguilar',ramiroaguilart,2016-11-29 00:43:48,3,1,"b'Como eso no surti\xc3\xb3 el efecto que surt\xc3\xada en el siglo pasado el ""miedo"" a la ""guerrilla"".'"
803398548716916736,b'Ramiro Aguilar',ramiroaguilart,2016-11-29 00:41:55,5,7,b'La semana anterior sali\xc3\xb3 un video loco inveros\xc3\xadmil sobre AVC amenazando matar a un politico actual. De tan falso la gente no le par\xc3\xb3 bola'
803398216838483968,b'Ramiro Aguilar',ramiroaguilart,2016-11-29 00:40:35,3,2,b'Est\xc3\xa1 pre campa\xc3\xb1a est\xc3\xa1 tomando los matices m\xc3\xa1s caducos de la politica ecuatoriana del siglo XX.'
803397624959238144,b'Ramiro Aguilar',ramiroaguilart,2016-11-29 00:38:14,5,17,b'Est\xc3\xa1n con ganas de hablar de politica a calz\xc3\xb3n quitado unos 20 minutos o lo dejamos para otro rato? \xf0\x9f\x98\x82'
803393527187173376,b'Ramiro Aguilar',ramiroaguilart,2016-11-29 00:21:57,0,0,b'@ECOECUADOR3000 buena gente'
803392966551367681,b'Ramiro Aguilar',ramiroaguilart,2016-11-29 00:19:44,0,0,b'@ECOECUADOR3000 vamos bien!!!!'
803391943061499904,b'Ramiro Aguilar',ramiroaguilart,2016-11-29 00:15:40,1,3,b'Buenas noches de Dios'
804110413663191044,b'Ramiro Aguilar',ramiroaguilart,2016-11-30 23:50:36,0,0,b'Alguien ha visto al ilustre sabio el @ProfHoax ???'
804110291806068736,b'Ramiro Aguilar',ramiroaguilart,2016-11-30 23:50:07,0,1,b'@TheSantinoBoy esa es la actitud!!!!!'
804110088935972864,b'Ramiro Aguilar',ramiroaguilart,2016-11-30 23:49:19,0,0,b'@TheSantinoBoy anti Aguilar es AA \xf0\x9f\x98\x82\xf0\x9f\x98\x82\xf0\x9f\x98\x82\xf0\x9f\x98\x82'
804109800019730432,b'Ramiro Aguilar',ramiroaguilart,2016-11-30 23:48:10,0,2,b'@TheSantinoBoy eres ANTI TODO'
803821934790184960,b'Ramiro Aguilar',ramiroaguilart,2016-11-30 04:44:18,0,2,b'@AlecCardenas @NataCassette es que ustedes ponen la onda pop la onda de salsa choque \xf0\x9f\x98\x82\xf0\x9f\x98\x82'
803821463786704896,b'Ramiro Aguilar',ramiroaguilart,2016-11-30 04:42:25,1,4,"b'Bueeeeeno les he le\xc3\xaddo, descansad.  Espero abrir el TW ma\xc3\xb1ana y que no haya malas noticias.'"
803819286389256192,b'Ramiro Aguilar',ramiroaguilart,2016-11-30 04:33:46,0,0,b'@silvitabuendia @MaJosefaCoronel @La_chica_velcro @Diana_Amores llevo tequila! Solo coman primero. Por tus horarios digo! \xf0\x9f\x98\x82'
803818993920462848,b'Ramiro Aguilar',ramiroaguilart,2016-11-30 04:32:37,0,0,b'@La_chica_velcro @silvitabuendia @MaJosefaCoronel @Diana_Amores esa es!!!!!! Tons voy!!!!! Pero si van a tener wifi? \xf0\x9f\x98\x82'
803818530646925312,b'Ramiro Aguilar',ramiroaguilart,2016-11-30 04:30:46,0,1,b'@silvitabuendia @MaJosefaCoronel @La_chica_velcro @Diana_Amores eso cambia la cosa avisen donde y caigo!!'
803818401743405057,b'Ramiro Aguilar',ramiroaguilart,2016-11-30 04:30:15,0,0,b'@La_chica_velcro @silvitabuendia @MaJosefaCoronel @Diana_Amores El amante lesbiano! Eso es muy moderno para mi soy cucho! \xf0\x9f\x98\x82'
803818148139008000,b'Ramiro Aguilar',ramiroaguilart,2016-11-30 04:29:15,0,0,b'@silvitabuendia @MaJosefaCoronel @La_chica_velcro @Diana_Amores y por lo que veo excluyente! \xf0\x9f\x98\x82 ni quer\xc3\xada ir! \xf0\x9f\x98\x82'
803817913681580036,b'Ramiro Aguilar',ramiroaguilart,2016-11-30 04:28:19,0,3,b'@MaJosefaCoronel voy a GYE 7 y 8 si quieres y no te causa prurito nos echamos un caf\xc3\xa9 con la @tinocotania . Prurito por mi digo \xf0\x9f\x98\x82. Que dicen'
803817542942916609,b'Ramiro Aguilar',ramiroaguilart,2016-11-30 04:26:51,0,0,b'@MaJosefaCoronel @La_chica_velcro @Diana_Amores a todos pero lo que quieren es farra y que se sume al karaoke la @silvitabuendia'
803817236427378688,b'Ramiro Aguilar',ramiroaguilart,2016-11-30 04:25:38,4,2,"b'Antea de irme les dejo una frase de Luis Miguel Dominguin ""he visto llorar a los toros"" ......'"
803816183178948609,b'Ramiro Aguilar',ramiroaguilart,2016-11-30 04:21:26,0,0,b'@MaJosefaCoronel @La_chica_velcro @Diana_Amores lee entre l\xc3\xadneas MJ ellas quieren una mega farra!'
803814430236704768,b'Ramiro Aguilar',ramiroaguilart,2016-11-30 04:14:28,0,1,b'0.5 adicional por estos. https://t.co/dOqG3tfpTh'
803814125650542592,b'Ramiro Aguilar',ramiroaguilart,2016-11-30 04:13:16,1,1,b'2.5 m\xc3\xa1s. Hoy subiste 25 puntos en mi respeto intelectual por ti https://t.co/rErM37xVs1'
803813591715631104,b'Ramiro Aguilar',ramiroaguilart,2016-11-30 04:11:09,0,0,b'Mi TL esta noche est\xc3\xa1 muy culto donde esta @NataCassette o @AlecCardenas ??????'
803813312446296064,b'Ramiro Aguilar',ramiroaguilart,2016-11-30 04:10:02,0,0,b'@Polificcion subi\xc3\xb3 2.5 puntos m\xc3\xa1s.'
803809306118393856,b'Ramiro Aguilar',ramiroaguilart,2016-11-30 03:54:07,1,3,b'Mi respeto intelectual por ti acaba de subir 20 puntos!  Esto si era raro!  \xf0\x9f\x91\x8f\xf0\x9f\x91\x8f\xf0\x9f\x91\x8f\xf0\x9f\x91\x8f\xf0\x9f\x91\x8f\xf0\x9f\x91\x8f https://t.co/iwpiBlNiEC'
803808141267890176,b'Ramiro Aguilar',ramiroaguilart,2016-11-30 03:49:29,0,0,b'@jaimeclown @La_chica_velcro o sea lo que quiere la Velcro es su cuarto de hora \xf0\x9f\x98\x82\xf0\x9f\x98\x82\xf0\x9f\x98\x82'
803805940940214273,b'Ramiro Aguilar',ramiroaguilart,2016-11-30 03:40:44,0,1,b'@La_chica_velcro @jaimeclown quieres cuarto aparte!!!! Lo del tratamiento es mensaje subliminal'
803803051492569088,b'Ramiro Aguilar',ramiroaguilart,2016-11-30 03:29:16,0,0,b'@jaimeclown @La_chica_velcro exaaaaactooooo anda asi una semana ni caf\xc3\xa9 acepta!!!'
803802871481430017,b'Ramiro Aguilar',ramiroaguilart,2016-11-30 03:28:33,0,0,b'@rafaeloyarte @Polificcion bueno si fui algo cruel pero se merecia el licenciado premiado \xf0\x9f\x98\x82\xf0\x9f\x98\x82\xf0\x9f\x98\x82'
803802410934292481,b'Ramiro Aguilar',ramiroaguilart,2016-11-30 03:26:43,0,0,b'@jaimeclown @La_chica_velcro nada lo que quiere dejar es su departamento .....de soltera! \xf0\x9f\x98\x82\xf0\x9f\x98\x82\xf0\x9f\x98\x82\xf0\x9f\x98\x82'
803801940262080512,b'Ramiro Aguilar',ramiroaguilart,2016-11-30 03:24:51,0,1,b'@rafaeloyarte @Polificcion \xf0\x9f\x98\x82\xf0\x9f\x98\x82\xf0\x9f\x98\x82\xf0\x9f\x98\x82\xf0\x9f\x98\x82\xf0\x9f\x98\x82\xf0\x9f\x98\x82\xf0\x9f\x98\x82\xf0\x9f\x98\x82 fue un honor graduarte pana un honor estar en tu Tribunal. Que conste pese al creo te puse 10! \xf0\x9f\x98\x82'
803801008048635904,b'Ramiro Aguilar',ramiroaguilart,2016-11-30 03:21:08,0,0,b'@rafaeloyarte @Polificcion \xf0\x9f\x98\x82\xf0\x9f\x98\x82\xf0\x9f\x98\x82\xf0\x9f\x98\x82\xf0\x9f\x98\x82\xf0\x9f\x98\x82'
803800004410441728,b'Ramiro Aguilar',ramiroaguilart,2016-11-30 03:17:09,0,1,b'@rafaeloyarte @Polificcion el doctor Oyarte en esa \xc3\xa9poca licenciado premiado en Portugal...sigo con la historia?? \xf0\x9f\x98\x82'
803798896019435520,b'Ramiro Aguilar',ramiroaguilart,2016-11-30 03:12:45,0,0,b'@Polificcion buenazo gracias pana!'
803798661880811520,b'Ramiro Aguilar',ramiroaguilart,2016-11-30 03:11:49,0,0,b'@Polificcion \xf0\x9f\x98\x82\xf0\x9f\x98\x82\xf0\x9f\x98\x82\xf0\x9f\x98\x82\xf0\x9f\x98\x82'
803798582902001664,b'Ramiro Aguilar',ramiroaguilart,2016-11-30 03:11:30,0,0,b'@Polificcion ok sienpre he querido saber donde fue esa locaci\xc3\xb3n para mi generaci\xc3\xb3n fue un mito esa pelicula'
803797722222444544,b'Ramiro Aguilar',ramiroaguilart,2016-11-30 03:08:05,0,1,b'@Polificcion como le dije elaguna vez a mi pana @rafaeloyarte en su grado: el creo no me sirve. D\xc3\xb3nde fue ? \xf0\x9f\x98\x82\xf0\x9f\x98\x89'
803797400154468352,b'Ramiro Aguilar',ramiroaguilart,2016-11-30 03:06:48,0,0,b'@Polificcion @RODOLFOBC87 no la he le\xc3\xaddo pero faltaba mas queda en lista'
803795443457081345,b'Ramiro Aguilar',ramiroaguilart,2016-11-30 02:59:02,0,2,b'Bueno ya habl\xc3\xa9 mucho ahora les leo ser\xc3\xa1n creativos \xf0\x9f\x98\x82\xf0\x9f\x98\x82\xf0\x9f\x98\x82'
803795129391792128,b'Ramiro Aguilar',ramiroaguilart,2016-11-30 02:57:47,1,0,b'@Polificcion me toca a mi d\xc3\xb3nde fue la locaci\xc3\xb3n de La Laguna Azul??? Ahi te quiero ver!'
803792482593112064,b'Ramiro Aguilar',ramiroaguilart,2016-11-30 02:47:16,0,2,b'@Polificcion @RODOLFOBC87 Los Thibault.\xc2\xa0 pero googlee!!! \xf0\x9f\x98\x82\xf0\x9f\x98\x82\xf0\x9f\x98\x82\xf0\x9f\x98\x89'
803792035689988096,b'Ramiro Aguilar',ramiroaguilart,2016-11-30 02:45:29,0,0,b'@PabloSEspinosaA mientras la tragedia s\xc3\xbabita nos recuerda lo fr\xc3\xa1gil de la vida el famoso hilo de las Moiras'
803791599222345728,b'Ramiro Aguilar',ramiroaguilart,2016-11-30 02:43:45,0,0,b'@PabloSEspinosaA no tengo una respuesta para tu pregunta a veces la violencia colectiva devora el drama indivudial lo muta en odio.'
803791224847159296,b'Ramiro Aguilar',ramiroaguilart,2016-11-30 02:42:16,1,2,b'@Polificcion @RODOLFOBC87  \xf0\x9f\x98\x82\xf0\x9f\x98\x82\xf0\x9f\x98\x82\xf0\x9f\x98\x82\xf0\x9f\x98\x82\xf0\x9f\x98\x82 qu\xc3\xa9 muy vivo? Me haces un trabajo para la pr\xc3\xb3xima clase de los gatos de Egipto!! \xf0\x9f\x98\x89\xf0\x9f\x98\x82\xf0\x9f\x98\x82 un abrazo'
803790963248427008,b'Ramiro Aguilar',ramiroaguilart,2016-11-30 02:41:14,1,1,b'@paco_esteban  https://t.co/PQZq30kEXu'
803790643826982912,b'Ramiro Aguilar',ramiroaguilart,2016-11-30 02:39:57,1,7,b'Otro tema serio @PabloSEspinosaA me pregunt\xc3\xb3 porque la gente se hace inmune al dolor de la guerra y no al dolor de la tragedia s\xc3\xbabita'
803790165462417408,b'Ramiro Aguilar',ramiroaguilart,2016-11-30 02:38:03,0,1,b'@Polificcion  @RODOLFOBC87    https://t.co/ybwz1IEpAW  \xf0\x9f\x98\x82\xf0\x9f\x98\x82'
803789650187915264,b'Ramiro Aguilar',ramiroaguilart,2016-11-30 02:36:00,15,29,b'Hay gente de izquierda que yo respeto y quiero mucho y gente de derecha que quiero y respeto. Los que me pudren son los insultadores'
803788622893871107,b'Ramiro Aguilar',ramiroaguilart,2016-11-30 02:31:56,0,1,b'Preguntas mi pipol????'
803788443784544257,b'Ramiro Aguilar',ramiroaguilart,2016-11-30 02:31:13,0,2,b'Bueno ahora si la hora sabrosa! Salvo que haya preguntas???'
803788123964669952,b'Ramiro Aguilar',ramiroaguilart,2016-11-30 02:29:57,0,1,b'Ya hasta aqui lo serio!'
803787977293987842,b'Ramiro Aguilar',ramiroaguilart,2016-11-30 02:29:22,1,3,b'Entonces los due\xc3\xb1os de la campa\xc3\xb1a sucia secuestran el espacio politico para ellos los que administran el insulto asustando al buen ciudadano'
803787668689666048,b'Ramiro Aguilar',ramiroaguilart,2016-11-30 02:28:08,3,6,b'Ven la campa\xc3\xb1a sucia tambi\xc3\xa9n sirve para espantar al ciudadano de la actividad politica por miedo a ser insultado.'
803787475500077056,b'Ramiro Aguilar',ramiroaguilart,2016-11-30 02:27:22,0,3,b'Le dije y cu\xc3\xa1l es el lio a mi como politico me han dicho de todo! Ella respondi\xc3\xb3 es que yo no soy politica'
803787241596321792,b'Ramiro Aguilar',ramiroaguilart,2016-11-30 02:26:26,0,2,b'Una distinguida dama fiscal me decia hace pocos dias que un mercenario la atacaba en redes.'
803786930223718400,b'Ramiro Aguilar',ramiroaguilart,2016-11-30 02:25:12,8,14,"b'Por eso ese v\xc3\xaddeo de ""Jalo"" Bucaram lleno de infamia moralista y humor corrosivo es un signo de que @daloes10 esta creciendo callado'"
803786505609248773,b'Ramiro Aguilar',ramiroaguilart,2016-11-30 02:23:31,5,4,b'Ahora qui\xc3\xa9n es el objetivo de una campa\xc3\xb1a sucia? El candidato que crece el que es rival. Nadie se gasta una campa\xc3\xb1a sucia en un perdedor'
803786197927677954,b'Ramiro Aguilar',ramiroaguilart,2016-11-30 02:22:17,8,5,b'Se debe creer en una campa\xc3\xb1a sucia??  Ser\xc3\xada como creerle a la jueza poderosa su marido mafioso y su poder de matar en 30 minutos con llamada'
803785835409788930,b'Ramiro Aguilar',ramiroaguilart,2016-11-30 02:20:51,4,5,b'Qui\xc3\xa9n gana?? La campa\xc3\xb1a sucia es como la guerra no hay ganador y tambien como en la guerra la primera victima es la verdad'
803785592886661120,b'Ramiro Aguilar',ramiroaguilart,2016-11-30 02:19:53,3,4,b'Porque deprime ver una elecci\xc3\xb3n de insultos y agravios'
803785510615478272,b'Ramiro Aguilar',ramiroaguilart,2016-11-30 02:19:34,4,1,b'Qui\xc3\xa9n pierde en una campa\xc3\xb1a sucia? La \xc3\xa9tica colectiva o sea la autoestima nacional'
803785225545388036,b'Ramiro Aguilar',ramiroaguilart,2016-11-30 02:18:26,1,1,b'Obvio los trolls insuktadores en redes ya son pan nuestro de cada dia'
803785125586698241,b'Ramiro Aguilar',ramiroaguilart,2016-11-30 02:18:02,1,1,b'Por eso es f\xc3\xa1cil identificar de d\xc3\xb3nde viene una campa\xc3\xb1a sucia'
803785010230730752,b'Ramiro Aguilar',ramiroaguilart,2016-11-30 02:17:34,2,3,b'Y desde luego el arma perfecta de la derexha en una xampa\xc3\xb1a sucia es el miedo. Son terroristas te van a secuestrar a incautar bienes etc'
803784779971915776,b'Ramiro Aguilar',ramiroaguilart,2016-11-30 02:16:39,2,2,b'Es moralista ergo te dice que eres gay lesbiana drogadicto alcoh\xc3\xb3lico promiscuo'
803784587885346816,b'Ramiro Aguilar',ramiroaguilart,2016-11-30 02:15:54,2,1,b'La derecha a la que la actividad la verdad le tiene sin cuidado te inventa latrocinios pero......'
803784461401944064,b'Ramiro Aguilar',ramiroaguilart,2016-11-30 02:15:23,7,7,b'La izquierda te descalifica por ser banquero comerciante abogado due\xc3\xb1o de tiendas o te inventa latrocinios'
803784280300195841,b'Ramiro Aguilar',ramiroaguilart,2016-11-30 02:14:40,3,4,b'La izquierda que no suele ser moralina recurre a la descalificaci\xc3\xb3n por tu actividad'
803783958718808065,b'Ramiro Aguilar',ramiroaguilart,2016-11-30 02:13:23,3,6,b'La izquierda y la derecha son f\xc3\xa1cilmente identificables en sus topicos de campa\xc3\xb1a sucia. El humor corrosivo es compartido por ambas'
803783718234193920,b'Ramiro Aguilar',ramiroaguilart,2016-11-30 02:12:26,3,4,b'La campa\xc3\xb1a sucia se divide en dos a) humor corrosivo y grotesco y b) El miedo y el moralismo'
803779507672977411,b'Ramiro Aguilar',ramiroaguilart,2016-11-30 01:55:42,0,7,b'Listos????'
803779476769435648,b'Ramiro Aguilar',ramiroaguilart,2016-11-30 01:55:35,0,3,b'Vamos a hablar esta noche (en la hora seria) de las campa\xc3\xb1as sucias y sus estilos.'
803775474023407616,b'Ramiro Aguilar',ramiroaguilart,2016-11-30 01:39:41,0,5,b'Buenas noches de Dios'
803759579926499328,b'Ramiro Aguilar',ramiroaguilart,2016-11-30 00:36:31,9,10,b'Vean lo que es una campa\xc3\xb1a sucia en toda la regla contra @daloes10  hay gente de \xc3\xbaltima realmente https://t.co/gDYlDU6GQn'
804423292719394816,b'Ramiro Aguilar',ramiroaguilart,2016-12-01 20:33:53,9,56,b'Ni bien llego a la Perla y me encuentro con un gran contendor @PacoMoncayo. https://t.co/hHdewNy8QY'
804366740285227008,b'Ramiro Aguilar',ramiroaguilart,2016-12-01 16:49:09,8,13,"b'Antes de viajar a Guayaquil, recibiendo cada vez m\xc3\xa1s el apoyo de la gente https://t.co/v40qmZuZfF'"
804173936523087872,b'Ramiro Aguilar',ramiroaguilart,2016-12-01 04:03:01,0,0,b'@Yiacosan @daloes10 perdoname tienen un monton de beneficios los migrantes retornados en varias leyes'
804169940366479360,b'Ramiro Aguilar',ramiroaguilart,2016-12-01 03:47:09,0,1,b'@adanbe21 flacooooooo te traen de una ala como dicen en MX! \xf0\x9f\x98\x82\xf0\x9f\x98\x82\xf0\x9f\x98\x82'
804169509326163968,b'Ramiro Aguilar',ramiroaguilart,2016-12-01 03:45:26,1,4,b'Buuueeeno descansad!!!!!! Saludos a mi analista de discursos favorita. Y saludos a Lord Gato @nubiasandovalz ma\xc3\xb1ana nos vemos'
804166205846200321,b'Ramiro Aguilar',ramiroaguilart,2016-12-01 03:32:18,0,4,b'Bueno ahora si 10 minutos de joda y me vuadormir'
804165174890471424,b'Ramiro Aguilar',ramiroaguilart,2016-12-01 03:28:13,1,1,"b'@constanzapaler1 si la pide oficialmente le responder\xc3\xa1n oficialmente pero supongo q esperar\xc3\xa1n primero, por delicadeza, a q Fiscalia Ec haga'"
804164675881566208,b'Ramiro Aguilar',ramiroaguilart,2016-12-01 03:26:14,0,3,b'Chiiiiiiiiiii no les explico nada otra vez !! \xf0\x9f\x98\x82'
804163325559009280,b'Ramiro Aguilar',ramiroaguilart,2016-12-01 03:20:52,1,23,b'Al menos digan si me pararon bola con la explicadera...!!! \xf0\x9f\x98\x82'
804161584528506881,b'Ramiro Aguilar',ramiroaguilart,2016-12-01 03:13:57,0,6,b'Contentos con la explicaci\xc3\xb3n???'
804160012696354816,b'Ramiro Aguilar',ramiroaguilart,2016-12-01 03:07:42,7,3,b'@_SuExcelencia no comas ansias @daloes10 hoy dijo que fiscal ya tiene las asistencias aqui no solo est\xc3\xa1 en juego beneficiarios sino Fiscal'
804158803457478656,b'Ramiro Aguilar',ramiroaguilart,2016-12-01 03:02:53,6,4,b'@Sinclair1182 yo no especulo nunca @daloes10 y yo somos serios. Hay un tr\xc3\xa1mite oficial aqui y en Panam\xc3\xa1. La cuesti\xc3\xb3n la dirimir\xc3\xa1 las fechas'
804158268528541701,b'Ramiro Aguilar',ramiroaguilart,2016-12-01 03:00:46,1,2,b'Ese es el estado de la cuesti\xc3\xb3n completamente explicado.'
804158076890779648,b'Ramiro Aguilar',ramiroaguilart,2016-12-01 03:00:00,1,8,b'Asi que aqui nadie se corre o se desdice. Todo tiene un tr\xc3\xa1mite oficial aqui y en Panam\xc3\xa1. Estamos??'
804157819280887808,b'Ramiro Aguilar',ramiroaguilart,2016-12-01 02:58:59,4,7,b'Una vez que sea oficial. Se har\xc3\xa1 publico. Estamos?? Fue claro el estado de la cuesti\xc3\xb3n?'
804157602078851072,b'Ramiro Aguilar',ramiroaguilart,2016-12-01 02:58:07,7,6,b'@daloes10 est\xc3\xa1 en contacto con las autoridades paname\xc3\xb1as para que le den oficialmente esa 2a y 3a asistencias.'
804157436181512194,b'Ramiro Aguilar',ramiroaguilart,2016-12-01 02:57:27,3,7,b'Resumen. Panam\xc3\xa1 sabe. Ya no soy asambleista as\xc3\xad que dudo que Galo CH me de lo que venga en la 2 o 3 asistencia'
804157082060652545,b'Ramiro Aguilar',ramiroaguilart,2016-12-01 02:56:03,5,6,b'Repito s\xc3\xa9 las fechas y los montos porque constan en la 1a asistencia no los beneficiarios pq esa informaci\xc3\xb3n la pidi\xc3\xb3 fiscalia luego'
804156808763936768,b'Ramiro Aguilar',ramiroaguilart,2016-12-01 02:54:58,12,9,b'El hecho es que Panam\xc3\xa1 tiene los datos de los beneficiarios de las transferencias de las cuentas de una de las empresas de Bravo'
804156597123616768,b'Ramiro Aguilar',ramiroaguilart,2016-12-01 02:54:07,2,4,b'Pero si los documentos de Panam\xc3\xa1 llegan con fecha posterior al 30 de Nov hoy dijo la verdad y no tiene la ibformaci\xc3\xb3n todavia'
804156398443655168,b'Ramiro Aguilar',ramiroaguilart,2016-12-01 02:53:20,9,8,b'El tema es sencillo de comprobar. Si los documentos de Panam\xc3\xa1 son anteriores al 30 del noviembre entonces Galo CH no fue exacto hoy en la AN'
804156055970254848,b'Ramiro Aguilar',ramiroaguilart,2016-12-01 02:51:58,18,13,b'Panam\xc3\xa1 ya habr\xc3\xada contestado hace rat\xc3\xb3n las dos asistencias posteriores donde se detallan los beneficiarios'
804155861203644416,b'Ramiro Aguilar',ramiroaguilart,2016-12-01 02:51:12,0,0,b'El tema es que........!!!!!!'
804155680215224320,b'Ramiro Aguilar',ramiroaguilart,2016-12-01 02:50:29,2,1,b'El tema es queeee.........'
804155616444944385,b'Ramiro Aguilar',ramiroaguilart,2016-12-01 02:50:14,11,8,"b'O sea seg\xc3\xban el Fiscal Galo CH el no sabe todavia a donde se hicieron esas transferencias ni a quien. PQ segun \xc3\xa9l, Panam\xc3\xa1 no contesta'"
804155228853567493,b'Ramiro Aguilar',ramiroaguilart,2016-12-01 02:48:41,3,7,b'La cuesti\xc3\xb3n es que hoy fiscal Galo CH le dijo a la Conisi\xc3\xb3n de Fiscalizaci\xc3\xb3n de la AN que aun no recibe la respuesta de las dos asistencias'
804154978399125504,b'Ramiro Aguilar',ramiroaguilart,2016-12-01 02:47:41,1,2,b'Para lo cual ha hecho al menos dos asistencias m\xc3\xa1s a Panama'
804154877261840388,b'Ramiro Aguilar',ramiroaguilart,2016-12-01 02:47:17,2,3,b'Por eso era obvio que el Fiscal Galo CH pidiera a Panam\xc3\xa1 que le dieran los datos de las cuebtas receptoras de las transferencias'
804154530518667264,b'Ramiro Aguilar',ramiroaguilart,2016-12-01 02:45:55,3,4,b'Pero no hay el detalle de las cuentas hacia donde se hicieron las transferencias ni sus titulares. O sea sabemos cuanto no a quien'
804154256743956480,b'Ramiro Aguilar',ramiroaguilart,2016-12-01 02:44:49,3,3,b'Tienen las cuentas de Bravo y los deralles de las transferencias enviadas'
804154063852097538,b'Ramiro Aguilar',ramiroaguilart,2016-12-01 02:44:03,8,3,b'En la 1 asistencia de una de las compa\xc3\xb1\xc3\xadas de Bravo hay detalle de las cuentas de banco con trasnferencias hacia otras cuentas'
804153615321595904,b'Ramiro Aguilar',ramiroaguilart,2016-12-01 02:42:17,6,2,b'Hoy que tuve tiempo la lei completa y si quieren los periodistas est\xc3\xa1 a su disposici\xc3\xb3n en mi ofic vayan a pedir'
804153298110599168,b'Ramiro Aguilar',ramiroaguilart,2016-12-01 02:41:01,4,4,b'Me envi\xc3\xb3 copia de toda la respuesta de Panam\xc3\xa1 TODA la primera asistencia'
804152986582863872,b'Ramiro Aguilar',ramiroaguilart,2016-12-01 02:39:47,2,3,b'Y el Fiscal Galo CH me respondi\xc3\xb3 una semana antes de irme de la AN'
804152884573118464,b'Ramiro Aguilar',ramiroaguilart,2016-12-01 02:39:22,2,3,b'El ultimo pedido de informaci\xc3\xb3n que le hice al Fiscal Galo CH fue sobre las asistencias penales a Panam\xc3\xa1'
804152569094438912,b'Ramiro Aguilar',ramiroaguilart,2016-12-01 02:38:07,2,1,b'Vanos a los Panama Papers ya que le han dado con el tema tres dias!!'
804150424135667713,b'Ramiro Aguilar',ramiroaguilart,2016-12-01 02:29:36,0,0,b'@nubiasandovalz listo dame tu celu por DM y capuchineamos'
804149702920990720,b'Ramiro Aguilar',ramiroaguilart,2016-12-01 02:26:44,0,0,b'@nubiasandovalz pero en serio te digo! Capuchiniemos ma\xc3\xb1ana en la tarde el Gato que vaya con smoking'
804149416428978176,b'Ramiro Aguilar',ramiroaguilart,2016-12-01 02:25:35,1,1,b'Quieren hablar serio o le damos por la libre nom\xc3\xa1s?'
804149086958092288,b'Ramiro Aguilar',ramiroaguilart,2016-12-01 02:24:17,0,0,b'@nubiasandovalz pero ese gato oligarca que te tiene de mascota te dejar\xc3\xa1 capuchinear conmigo? \xf0\x9f\x98\x82'
804148459095912448,b'Ramiro Aguilar',ramiroaguilart,2016-12-01 02:21:47,0,0,b'@nubiasandovalz asomar\xc3\xa1s!!!! Lleva a Gato!'
804148061643669504,b'Ramiro Aguilar',ramiroaguilart,2016-12-01 02:20:12,0,0,b'@caedemmo dando coordenadas Eduardo y de una que asome CJ para chismear!!! \xf0\x9f\x98\x82'
804147595694211072,b'Ramiro Aguilar',ramiroaguilart,2016-12-01 02:18:21,1,7,b'Ma\xc3\xb1ana voy a GYE panas as\xc3\xad que se aceptan sugerencias gastron\xc3\xb3micas'
804145132245237765,b'Ramiro Aguilar',ramiroaguilart,2016-12-01 02:08:34,2,4,b'Medio silenciosos les veo'
804144781001654272,b'Ramiro Aguilar',ramiroaguilart,2016-12-01 02:07:10,0,1,b'@BCVs70 estas afectiva! \xf0\x9f\x98\x82\xf0\x9f\x98\x82\xf0\x9f\x98\x82'
804144348703166464,b'Ramiro Aguilar',ramiroaguilart,2016-12-01 02:05:27,0,1,b'Qu\xc3\xa9 cuentan????'
804143103867232257,b'Ramiro Aguilar',ramiroaguilart,2016-12-01 02:00:30,0,1,b'@BCVs70 Brenda!!!!'
804141993408479234,b'Ramiro Aguilar',ramiroaguilart,2016-12-01 01:56:06,0,4,b'Buenas noches de Dios'
804119120325332992,b'Ramiro Aguilar',ramiroaguilart,2016-12-01 00:25:12,0,0,b'@ProfHoax gracias profe'
804117642462248968,b'Ramiro Aguilar',ramiroaguilart,2016-12-01 00:19:20,0,0,b'@ProfHoax profe me acaban de entregar unas personas muy gentiles el Zohar y apelo a su sabiduria para que me explique qu\xc3\xa9 es?'
804782881759514624,b'Ramiro Aguilar',ramiroaguilart,2016-12-02 20:22:45,0,0,b'@dianasierrap @alexocles nada me hicieron bullyng  gastron\xc3\xb3mico!!!!'
804781975227731968,b'Ramiro Aguilar',ramiroaguilart,2016-12-02 20:19:09,0,0,b'@belenayb 2 https://t.co/6wHj7TKWhv'
804781882240016384,b'Ramiro Aguilar',ramiroaguilart,2016-12-02 20:18:47,0,2,b'@belenayb 1 https://t.co/9PtoJirtgM'
804781156193501184,b'Ramiro Aguilar',ramiroaguilart,2016-12-02 20:15:54,0,0,b'@dianasierrap @alexocles cueeeeeentoooo y yo caigo como incauto! \xf0\x9f\x98\x8a'
804773882368552961,b'Ramiro Aguilar',ramiroaguilart,2016-12-02 19:47:00,0,0,b'@dianasierrap @alexocles exageradaaaaaaaaaaaaaaaas!!!!!!!!!! #Caraguay  maooooooomaaaaa nom\xc3\xa1s'
804771326250676224,b'Ramiro Aguilar',ramiroaguilart,2016-12-02 19:36:50,1,8,b'Caraguay maoma nom\xc3\xa1s exagerados!!!! https://t.co/kt24MjXvVg'
804710262771240960,b'Ramiro Aguilar',ramiroaguilart,2016-12-02 15:34:12,3,6,b'@daloes10 y yo tenemos la mano extendida para saludar cn nuestros contendores pero tambi\xc3\xa9n tenemos la mano firme para responder ant infamias'
804710006125953025,b'Ramiro Aguilar',ramiroaguilart,2016-12-02 15:33:10,4,9,b'Hoy exhortamos a que se lleve a cabo una campa\xc3\xb1a limpia y seria'
804709809874501632,b'Ramiro Aguilar',ramiroaguilart,2016-12-02 15:32:24,2,9,"b'Dalo propone el ""reto sin drogas"" que todos los candidatos demuestren que est\xc3\xa1n aptos para llegar a Carondelet'"
804707514205999104,b'Ramiro Aguilar',ramiroaguilart,2016-12-02 15:23:16,8,11,"b'""Lo que necesita el pa\xc3\xads es una campa\xc3\xb1a de paz, de propuestas"" @daloes10 #RuedadePrensa'"
804707016086319106,b'Ramiro Aguilar',ramiroaguilart,2016-12-02 15:21:18,0,2,b'Iniciamos rueda de prensa #Guayaquil https://t.co/7sm4mryb0K'
804692704710000640,b'Ramiro Aguilar',ramiroaguilart,2016-12-02 14:24:25,0,2,b'@luchitosil @RidersBurgers @EvilDrums bien bien que me dice para ver si voy antes de regresar a Quito'
804673918841798656,b'Ramiro Aguilar',ramiroaguilart,2016-12-02 13:09:47,0,8,b'Ya en radio Forever 92.5fm. Les invito a seguir esta entrevista @daloes10 https://t.co/R71rSlOSsP'
804652669675732992,b'Ramiro Aguilar',ramiroaguilart,2016-12-02 11:45:20,23,32,b'Los candidatos debemos ofrecer solo lo q vamos a poder cumplir. Debemos ser sinceros sobre el pa\xc3\xads que nos dejan #RadioSucre'
804652287264223232,b'Ramiro Aguilar',ramiroaguilart,2016-12-02 11:43:49,14,20,b'Somos un binomio que busca cambiar un modelo pol\xc3\xadtico estatista @daloes10 #RadioSucre https://t.co/GcbQBmHMhS'
804649412991549440,b'Ramiro Aguilar',ramiroaguilart,2016-12-02 11:32:24,7,8,b'Ya en minutos iniciamos entrevista en Radio Sucre 700am. No se la pierdan. @daloes10 #FE https://t.co/Av7aZTYOzK'
804635136285437952,b'Ramiro Aguilar',ramiroaguilart,2016-12-02 10:35:40,9,15,b'Buenos d\xc3\xadas a todos. Amaneciendo con mucho \xc3\xa1nimo para iniciar un d\xc3\xada lleno de actividades desde #Guayaquil'
804525006369734656,b'Ramiro Aguilar',ramiroaguilart,2016-12-02 03:18:03,8,11,"b'Despues de ese contundente plato de cangrejos, les comparto mi agenda de medios de ma\xc3\xb1ana. Espero la puedan seguir https://t.co/saFcM2Mdx3'"
804513282417627137,b'Ramiro Aguilar',ramiroaguilart,2016-12-02 02:31:28,20,124,b'No pod\xc3\xada ir a dormir sin saborear estas delicias del Guayas https://t.co/oLVxi3nMyS'
805198975129309184,b'Ramiro Aguilar',ramiroaguilart,2016-12-03 23:56:10,0,2,b'Buenas noches de Dios'
804888898488963072,b'Ramiro Aguilar',ramiroaguilart,2016-12-03 03:24:02,0,1,b'@_SuExcelencia \xf0\x9f\x98\x82\xf0\x9f\x98\x82\xf0\x9f\x98\x82\xf0\x9f\x98\x82\xf0\x9f\x98\x82\xf0\x9f\x98\x82\xf0\x9f\x98\x82'
804881410519658497,b'Ramiro Aguilar',ramiroaguilart,2016-12-03 02:54:16,1,4,b'@_SuExcelencia \xf0\x9f\x98\x82\xf0\x9f\x98\x82\xf0\x9f\x98\x82\xf0\x9f\x98\x82\xf0\x9f\x98\x82\xf0\x9f\x98\x82 estas atento a la jugada!!!'
804844341189603328,b'Ramiro Aguilar',ramiroaguilart,2016-12-03 00:26:58,0,3,b'@CristinaReyesec hoy me encontr\xc3\xa9 con tu hermano Cris un se\xc3\xb1or!!!!'
805492553982349312,b'Ramiro Aguilar',ramiroaguilart,2016-12-04 19:22:44,6,23,b'Felicitaciones panas @daloes10 @SilviaAndradeJ disfruten mucho pq lo que es a mi me lleva el Diablo!!!'
805490886192861184,b'Ramiro Aguilar',ramiroaguilart,2016-12-04 19:16:07,27,30,b'Araujo Neicer Vera Hidalgo Viteri Vega Tenorio Anangon\xc3\xb3 Angulo Quintero Romero y otros porfa bye!'
805490331617808384,b'Ramiro Aguilar',ramiroaguilart,2016-12-04 19:13:55,13,19,b'Tambi\xc3\xa9n me gust\xc3\xb3 como jug\xc3\xb3 el Nacho. Pero lo de @LDU_Oficial es una inquebrantable y sospechosa voluntad de perder. Me lleva el Diablo!'
805487783041204224,b'Ramiro Aguilar',ramiroaguilart,2016-12-04 19:03:47,0,0,b'@14centrales14 vean guambras si me gustar\xc3\xada leer su opini\xc3\xb3n de lo que pas\xc3\xb3 en @LDU_Oficial este a\xc3\xb1o.'
805487357688430592,b'Ramiro Aguilar',ramiroaguilart,2016-12-04 19:02:05,12,35,b'Felicitaciones Barces disfruten la 15 un abrazo.'
805468070529662976,b'Ramiro Aguilar',ramiroaguilart,2016-12-04 17:45:27,19,13,b'@LDU_Oficial son 11 sueldos en una cancha nada m\xc3\xa1s. Pongan a jugar a los roles de pago que pondr\xc3\xa1n m\xc3\xa1s coraz\xc3\xb3n! Que desastre!'
805464030131453952,b'Ramiro Aguilar',ramiroaguilart,2016-12-04 17:29:24,2,1,b'@LDU_Oficial ...........................................................!\xf0\x9f\x98\xa8'
805250092747943936,b'Ramiro Aguilar',ramiroaguilart,2016-12-04 03:19:17,0,1,b'@friega_again qu\xc3\xa9 te pas\xc3\xb3 Fraguita????'
805228102179782657,b'Ramiro Aguilar',ramiroaguilart,2016-12-04 01:51:54,9,32,b'QUE VIIIIIIIIVAAAAAAAA QUITOOOOOOO!!!!'
805852768195985409,b'Ramiro Aguilar',ramiroaguilart,2016-12-05 19:14:06,5,13,b'Buenas tardes de Dios QUE VIVAAAAAAAAAAAAAAAAA QUITOOOOO'
805642872074735616,b'Ramiro Aguilar',ramiroaguilart,2016-12-05 05:20:03,2,2,b'@SoldadaTurca @mmcuesta soldadita a vos te quiero en la campa\xc3\xb1a!!!!!! \xf0\x9f\x98\x82'
805639686739939328,b'Ramiro Aguilar',ramiroaguilart,2016-12-05 05:07:24,0,1,b'@mmcuesta \xf0\x9f\x98\x82\xf0\x9f\x98\x82\xf0\x9f\x98\x82\xf0\x9f\x98\x82\xf0\x9f\x98\x82\xf0\x9f\x98\x82 festeja te mereces !!!!'
805634822249050112,b'Ramiro Aguilar',ramiroaguilart,2016-12-05 04:48:04,0,0,b'@Polificcion el tema es ser\xc3\xa1 verdad??'
805633361326833664,b'Ramiro Aguilar',ramiroaguilart,2016-12-05 04:42:15,1,11,b'Solo para las actas he encontrado m\xc3\xa1s amistad en ti que en gente que me jur\xc3\xb3 amistad eterna y me debe favores del carajo! @La_chica_velcro'
805632356841299968,b'Ramiro Aguilar',ramiroaguilart,2016-12-05 04:38:16,0,0,b'@Polificcion CAV y acaso esperabas otra cosa un conocedor del cine como t\xc3\xba?'
805630794421170176,b'Ramiro Aguilar',ramiroaguilart,2016-12-05 04:32:03,0,0,b'@La_chica_velcro @nubiasandovalz sufridoooooooooras!!! \xf0\x9f\x98\x82\xf0\x9f\x98\x82\xf0\x9f\x98\x82\xf0\x9f\x98\x82'
805629602177646592,b'Ramiro Aguilar',ramiroaguilart,2016-12-05 04:27:19,0,0,b'@La_chica_velcro \xf0\x9f\x98\x82\xf0\x9f\x98\x82\xf0\x9f\x98\x82\xf0\x9f\x98\x82\xf0\x9f\x98\x82\xf0\x9f\x98\x82 qu\xc3\xa9 te dir\xc3\xa9 buen viaje y buena mar Velcro suertuda'
805621587168923649,b'Ramiro Aguilar',ramiroaguilart,2016-12-05 03:55:28,0,0,b'@La_chica_velcro te quejas de todo donde vas a estar la proxima semana sobrina?'
805620158932877312,b'Ramiro Aguilar',ramiroaguilart,2016-12-05 03:49:48,0,0,b'@La_chica_velcro yo te quiero as\xc3\xad t\xc3\xada Velcro solo dejar\xc3\xa1s herencia nom\xc3\xa1s! \xf0\x9f\x98\x82'
805619151083630593,b'Ramiro Aguilar',ramiroaguilart,2016-12-05 03:45:47,0,1,b'@3stef sienpre subraya los libros que lees.'
805618520138674176,b'Ramiro Aguilar',ramiroaguilart,2016-12-05 03:43:17,0,0,b'@3stef explicate.....porfa'
805610093756743684,b'Ramiro Aguilar',ramiroaguilart,2016-12-05 03:09:48,1,15,b'Bueno les he le\xc3\xaddo a los que todavia est\xc3\xa1n sobrios. Descansad. Ma\xc3\xb1ana daranle suave con el guaro a la salida de las oficinas.'
805605483872747520,b'Ramiro Aguilar',ramiroaguilart,2016-12-05 02:51:29,30,17,b'Hay que proteger el Fondo de Liquidez de la Banca evitando que invierta en bonos del Estado o CT del BCE.'
805605220596219905,b'Ramiro Aguilar',ramiroaguilart,2016-12-05 02:50:26,101,41,"b'Ver\xc3\xa1n lo peligroso no es que suba el encaje bancario sino c\xc3\xb3mo y en qu\xc3\xa9 obliga la Junta a invertir los ""excedentes"" de liquidez de la banca'"
805604726960246784,b'Ramiro Aguilar',ramiroaguilart,2016-12-05 02:48:28,1,2,"b'@estebanavila  absolutamente tibio Esteban muy por debajo de su frontalidad informaci\xc3\xb3n y capacidad de analisis. Ud pidi\xc3\xb3 opini\xc3\xb3n, se la doy'"
805602975448268800,b'Ramiro Aguilar',ramiroaguilart,2016-12-05 02:41:31,0,2,b'@3stef solo un libro subrayado es un libro le\xc3\xaddo!'
805601582763085824,b'Ramiro Aguilar',ramiroaguilart,2016-12-05 02:35:59,0,8,b'Buenas noches de Dios'
