id,name,screen_name,created_at,retweet_count,favorite_count,text
802300042925187072,b'Patricio Zuquilanda',ZuquilandaDuque,2016-11-25 23:56:50,7,3,"b'""A penas nos posicionemos en el Gobierno convocaremos a la unidad nacional"": #ZuquilandaPresidente en Radio Am\xc3\xa9rica'"
802299778914721792,b'Patricio Zuquilanda',ZuquilandaDuque,2016-11-25 23:55:47,12,3,"b'""Nunca m\xc3\xa1s m\xc3\xa9dicos cubanos sobre los ecuatorianos"" asegura #ZuquilandaPresidente'"
802299588417818624,b'Patricio Zuquilanda',ZuquilandaDuque,2016-11-25 23:55:02,5,0,"b'""El pueblo debe ordenar que nunca m\xc3\xa1s se meta mano a la justicia"" dice #ZuquilandaPresidente en Teleamazonas https://t.co/aM1mcgwas0'"
802330629916520448,b'Patricio Zuquilanda',ZuquilandaDuque,2016-11-26 01:58:23,3,0,"b'hecho pensar que ganar\xc3\xada la elecci\xc3\xb3n presidencial; asimismo y sin perder el ambiente de cordialidad, le contest\xc3\xa9 ""un adivino""'"
802330330820530176,b'Patricio Zuquilanda',ZuquilandaDuque,2016-11-26 01:57:12,1,0,b'EN TONO DIVERTIDO Y UN POQUITO BURL\xc3\x93N; un distinguido comunicador de la universidad San Francisco me pregunto sobre que o quien me hab\xc3\xada'
802307373108842496,b'Patricio Zuquilanda',ZuquilandaDuque,2016-11-26 00:25:58,6,1,b'#ZuquilandaPresidente anuncia que buscar\xc3\xa1 la apertura comercial del pa\xc3\xads de inmediato https://t.co/SfjZQkYaja'
802306902218706945,b'Patricio Zuquilanda',ZuquilandaDuque,2016-11-26 00:24:06,5,0,"b'""Debemos devolver el Iess a los afiliados"" dice #Zuquilandapresidente https://t.co/XohQhQQMTZ'"
803015776223555586,b'Patricio Zuquilanda',ZuquilandaDuque,2016-11-27 23:20:55,1,1,b'https://t.co/0gtvUzhcK4'
803013372182691840,b'Patricio Zuquilanda',ZuquilandaDuque,2016-11-27 23:11:21,0,0,b'https://t.co/Bt9qY8GxUm'
803012101619011584,b'Patricio Zuquilanda',ZuquilandaDuque,2016-11-27 23:06:18,1,0,b'Nuestros amigos de #Loja podr\xc3\xa1n escuchar a @ZuquilandaDuque ma\xc3\xb1ana a las 7:30 por Radio Ekoos 98.1 fm y Ecotel Tv'
802951688080556033,b'Patricio Zuquilanda',ZuquilandaDuque,2016-11-27 19:06:15,3,1,b'#ZuquilandaPresidente y Edwin Johnson ...son unos gallazos https://t.co/eWaZzNwHUs'
802930348485181440,b'Patricio Zuquilanda',ZuquilandaDuque,2016-11-27 17:41:27,3,0,"b'""Las inadecuadas pol\xc3\xadticas econ\xc3\xb3micas del gobierno son la causa de los problemas del #Ecuador"" dice @ZuquilandaDuque'"
802930222010138629,b'Patricio Zuquilanda',ZuquilandaDuque,2016-11-27 17:40:57,6,1,b'#Zuquilandapresidente asegura que Ecuador obligatoriamente tiene que mantener relaciones con EEUU y la Uni\xc3\xb3n Europea'
802930044515524609,b'Patricio Zuquilanda',ZuquilandaDuque,2016-11-27 17:40:14,2,1,"b'""Si alguien pens\xc3\xb3 que Sociedad Patri\xc3\xb3tica iba a desaparecer estaba totalmente equivocado"" asegur\xc3\xb3 @ZuquilandaDuque -&gt; @carlosrojasecu'"
802929812927115266,b'Patricio Zuquilanda',ZuquilandaDuque,2016-11-27 17:39:19,5,2,"b'""Por 40 a\xc3\xb1os he trabajadado para derrotar la pobreza. Ahora voy a generar riqueza para el desarrollo de los ecuatorianos"": @ZuquilandaDuque'"
802916682868080641,b'Patricio Zuquilanda',ZuquilandaDuque,2016-11-27 16:47:09,3,2,b'#ZuquilandaPresidente en defensa de las tradiciones.. https://t.co/TpMWgEwlG7'
802912279566151682,b'Patricio Zuquilanda',ZuquilandaDuque,2016-11-27 16:29:39,3,2,b'#ZuquilandaPresidente en defensa de las tradiciones https://t.co/DV1nqLASqn'
802906768758177792,b'Patricio Zuquilanda',ZuquilandaDuque,2016-11-27 16:07:45,3,2,b'Que vivan nuestras tradiciones! #ZuquilandaPresidente https://t.co/zJFVwqWRot'
802904516186226688,b'Patricio Zuquilanda',ZuquilandaDuque,2016-11-27 15:58:48,3,2,b'#ZuquilandaPresidente en defensa de las tradiciones ecuatorianas https://t.co/r791aQYdy7'
802903314115411976,b'Patricio Zuquilanda',ZuquilandaDuque,2016-11-27 15:54:01,3,1,b'#ZuquilandaPresidente Defendiendo las tradiciones ecuatorianas https://t.co/ICI2gBskIS'
802902557047816192,b'Patricio Zuquilanda',ZuquilandaDuque,2016-11-27 15:51:01,3,3,b'https://t.co/ftmqQSRcjZ'
802901357644615680,b'Patricio Zuquilanda',ZuquilandaDuque,2016-11-27 15:46:15,2,1,b'Desfile de Ecuador Tradici\xc3\xb3n y Cultura #ZuquilandaPRESIDENTE https://t.co/teFa7XIdyY'
802899893153136640,b'Patricio Zuquilanda',ZuquilandaDuque,2016-11-27 15:40:26,1,1,b'ACCION POR LA CULTURA: desfile de Ecuador Tradici\xc3\xb3n y Cultura; marchar\xc3\xa9 en primera fila. Patricio Zuquilanda. https://t.co/4zfccY414B'
802890782331936768,b'Patricio Zuquilanda',ZuquilandaDuque,2016-11-27 15:04:14,0,1,b'ACCION POR LA CULTURA: desfile de Ecuador Tradici\xc3\xb3n y Cultura; marchar\xc3\xa9 en primera fila. Patricio Zuquilanda.'
802890471844573185,b'Patricio Zuquilanda',ZuquilandaDuque,2016-11-27 15:03:00,1,1,b'https://t.co/FKWLbYriST'
802889681683812354,b'Patricio Zuquilanda',ZuquilandaDuque,2016-11-27 14:59:51,1,1,b'https://t.co/QMtSHXi5lt'
802889208058757124,b'Patricio Zuquilanda',ZuquilandaDuque,2016-11-27 14:57:58,1,1,b'Hoy a las 11:30 @ecuavisa transmitir\xc3\xa1 la entrevista con @carlosrojasecu sobre mi plan de gobierno #ZuquilandaPresidente'
802848032802770944,b'Patricio Zuquilanda',ZuquilandaDuque,2016-11-27 12:14:21,0,0,b'https://t.co/aZsVn6zSNZ'
803360528663973888,b'Patricio Zuquilanda',ZuquilandaDuque,2016-11-28 22:10:50,3,1,b'El martes 29 de noviembre estar\xc3\xa9 en @teleramaec a las 7:00 para explicar a la ciudadan\xc3\xada mi plan de gobierno'
803337421324767232,b'Patricio Zuquilanda',ZuquilandaDuque,2016-11-28 20:39:01,3,3,b'Les comparto el video de mi entrevista con @DemocraciaTVec sobre mi plan de gobierno https://t.co/yeXUlOKRPJ'
803301826384695296,b'Patricio Zuquilanda',ZuquilandaDuque,2016-11-28 18:17:34,6,2,"b'""El impuesto a la salida de capitales se suprimir\xc3\xa1 de inmediato en mi gobierno"" @ZuquilandaDuque #ZuquilandaPresidente'"
803301477292904448,b'Patricio Zuquilanda',ZuquilandaDuque,2016-11-28 18:16:11,3,1,"b'""Yo no represento a ning\xc3\xban grupo econ\xc3\xb3mico, sino a un grupo de patriotas"" dice @ZuquilandaDuque #ConZuquilandaElPuebloManda'"
803299981159370752,b'Patricio Zuquilanda',ZuquilandaDuque,2016-11-28 18:10:14,2,1,"b'Sobre su plan de gobierno @ZuquilandaDuque dice ""No estamos para llorar problemas sino para dar soluciones, tenemos un plan claro""'"
803299682080489472,b'Patricio Zuquilanda',ZuquilandaDuque,2016-11-28 18:09:03,6,4,"b'""Las fuerzas chavistas estuvieron detr\xc3\xa1s del golpe de Estado contra @LucioGutierrez3"" afirma #ZuquilandaPresidente'"
803296726996176896,b'Patricio Zuquilanda',ZuquilandaDuque,2016-11-28 17:57:18,1,0,"b'Candidato @ZuquilandaDuque dice ""Vamos a radicalizar nuestra posici\xc3\xb3n en beneficio de los m\xc3\xa9dicos ecuatorianos"" #ConZuquilandaElPuebloManda'"
803276925888241664,b'Patricio Zuquilanda',ZuquilandaDuque,2016-11-28 16:38:37,0,0,b'A las 12:00 estar\xc3\xa9 en vivo en Radio Democracia https://t.co/Pf56ZHEY5b'
803240775152730112,b'Patricio Zuquilanda',ZuquilandaDuque,2016-11-28 14:14:58,8,6,"b'""La econom\xc3\xada ecuatoriana se erosiona todos los d\xc3\xadas en las fronteras por malas pol\xc3\xadticas de gobierno"": @ZuquilandaDuque'"
803231216111534080,b'Patricio Zuquilanda',ZuquilandaDuque,2016-11-28 13:36:59,4,2,b'Candidato @ZuquilandaDuque se comprometi\xc3\xb3 a trabajar para el desarrollo de las zonas de frontera hoy en entrevista con Ecotel Tv de #Loja'
803214296914231296,b'Patricio Zuquilanda',ZuquilandaDuque,2016-11-28 12:29:46,2,1,b'Hoy en Radio America..@ZuquilandaPresidente https://t.co/EKUfEfhYjT'
803212823224520704,b'Patricio Zuquilanda',ZuquilandaDuque,2016-11-28 12:23:54,4,1,"b'""Vamos a armar una comisi\xc3\xb3n de negociadores para renegociar la deuda, bajar los intereses y ampliar el plazo de pago"": @ZuquilandaDuque'"
803211263195119616,b'Patricio Zuquilanda',ZuquilandaDuque,2016-11-28 12:17:42,1,1,"b'@ZuquilandaDuque asegur\xc3\xb3 que buscar\xc3\xa1 un Acuerdo Comercial con EEUU, nuestro principal socio comercial.'"
803211024245673984,b'Patricio Zuquilanda',ZuquilandaDuque,2016-11-28 12:16:45,3,1,"b'#ZuquilandaPresidente dice: ""Sociedad Patri\xc3\xb3tica convoca a todos los partidos pol\xc3\xadticos a co-gobierno para salvar la Naci\xc3\xb3n""'"
803208388092055552,b'Patricio Zuquilanda',ZuquilandaDuque,2016-11-28 12:06:17,5,2,b'En este momento empieza la entrevista de @ZuquilandaDuque en Radio Am\xc3\xa9rica 104.5 fm'
803204507010236416,b'Patricio Zuquilanda',ZuquilandaDuque,2016-11-28 11:50:51,3,1,b'En pocos minutos estar\xc3\xa9 en Radio Am\xc3\xa9rica Quito 104.5 fm y a las 7:30 con Ecotel Tv de Loja'
803059754142576640,b'Patricio Zuquilanda',ZuquilandaDuque,2016-11-28 02:15:40,0,0,b'https://t.co/D2Y40n8OMb'
803028688023552000,b'Patricio Zuquilanda',ZuquilandaDuque,2016-11-28 00:12:13,1,1,b'https://t.co/c8QgPCkbSc'
803676832851693568,b'Patricio Zuquilanda',ZuquilandaDuque,2016-11-29 19:07:43,2,0,"b'El @PSP3oficial est\xc3\xa1 dirigido por profesionales de alto nivel, es un partido que ha evolucionado acorde a las necesidades de los ciudadanos.'"
803675928006164480,b'Patricio Zuquilanda',ZuquilandaDuque,2016-11-29 19:04:07,3,2,"b'Acabo de tener una entrevista en Ondas Ca\xc3\xb1aris con Juan Sol\xc3\xads, ah\xc3\xad reiter\xc3\xa9 mi compromiso de eliminar los impuestos que golpean al agro.'"
803674444849958912,b'Patricio Zuquilanda',ZuquilandaDuque,2016-11-29 18:58:13,3,1,b'#conZuquilandaelpueblomanda https://t.co/0NaQt4U5gv'
803601703534809088,b'Patricio Zuquilanda',ZuquilandaDuque,2016-11-29 14:09:10,0,0,"b'@PSP3oficial est\xc3\xa1 dirigido por profesionales de alto nivel, es un partido que ha evolucionado acorde a las necesidades de los ciudadanos'"
803601607908794368,b'Patricio Zuquilanda',ZuquilandaDuque,2016-11-29 14:08:48,0,0,b'Les comparto una de mis propuestas para el desarrollo de#Manab\xc3\xad https://t.co/jUZ6oHwFM6 #ZuquilandaPresidente'
803601446297997312,b'Patricio Zuquilanda',ZuquilandaDuque,2016-11-29 14:08:09,5,4,"b'""48 horas despu\xc3\xa9s de posesionarme como presidente el Estado entregar\xc3\xa1 el #Iess a los afiliados"" dice\xe2\x80\xa6 https://t.co/gaeh1BV302'"
803402158485999616,b'Patricio Zuquilanda',ZuquilandaDuque,2016-11-29 00:56:15,2,1,b'Amigos de #Manab\xc3\xad ma\xc3\xb1ana estaremos en Radio San Gregorio a las 7:30'
804059624039190528,b'Patricio Zuquilanda',ZuquilandaDuque,2016-11-30 20:28:47,4,1,"b'Les comparto la entrevista de Edwin Johnson, nuestro candidato al Parlamento Andino @DemocraciaTVec https://t.co/KPAJq5ihcL'"
803954208198295552,b'Patricio Zuquilanda',ZuquilandaDuque,2016-11-30 13:29:54,5,2,b'Ayer ratifiqu\xc3\xa9 a los dirigentes de la Federaci\xc3\xb3n de Jubilados del Iess que retirar\xc3\xa9 al gobierno de la direcci\xc3\xb3n del seguro social.'
803949019588362240,b'Patricio Zuquilanda',ZuquilandaDuque,2016-11-30 13:09:17,4,4,b'En mi gobierno un delegado de la prensa estar\xc3\xa1 en las reuniones del Gabinete y se transmitir\xc3\xa1n en vivo. #ConZuquilandaElPuebloManda'
803948156962664448,b'Patricio Zuquilanda',ZuquilandaDuque,2016-11-30 13:05:51,4,3,b'Lo \xc3\xbanico que rescato de la Ley de Comunicaci\xc3\xb3n es el derecho a la r\xc3\xa9plica. Lo dije en @radiopublicaEC #ZuquilandaPresidente'
803946517866418176,b'Patricio Zuquilanda',ZuquilandaDuque,2016-11-30 12:59:21,1,0,b'Contactamos 2 firmas internacionales para recuperar dinero que malos funcionarios p\xc3\xbablicos han sacado ilegalmente del pa\xc3\xads.'
803939565908230146,b'Patricio Zuquilanda',ZuquilandaDuque,2016-11-30 12:31:43,0,0,b'En pocos minutos empieza mi entrevista en @radiopublicaEC. Esc\xc3\xbachenla en vivo por https://t.co/DlHogtD0E9'
803750529256058880,b'Patricio Zuquilanda',ZuquilandaDuque,2016-11-30 00:00:33,6,2,b'ma\xc3\xb1ana a las 7:30 estar\xc3\xa9 en @radiopublicaEC dialogando con Orlando P\xc3\xa9rez sobre nuestro camino a la presidencia. #ConZuquilandaElPuebloManda'
804457899158306816,b'Patricio Zuquilanda',ZuquilandaDuque,2016-12-01 22:51:23,3,4,b'Vamos a votar todo 3 https://t.co/1lB3978mtm'
804455287843409921,b'Patricio Zuquilanda',ZuquilandaDuque,2016-12-01 22:41:01,3,3,b'Reto al candidato de gobierno a superar estas propuestas #IESS'
804454395610066945,b'Patricio Zuquilanda',ZuquilandaDuque,2016-12-01 22:37:28,3,2,"b'Finalmente, el r\xc3\xa9gimen del seguro general obligatorio tendr\xc3\xa1 una ley espec\xc3\xadfica. #ZuquilandaPresidente'"
804454117389242368,b'Patricio Zuquilanda',ZuquilandaDuque,2016-12-01 22:36:22,2,0,b'Restituiremos y elevaremos los derechos del seguro social campesino como compensaci\xc3\xb3n a su trabajo que garantiza nuestra alimentaci\xc3\xb3n.'
804453794687971329,b'Patricio Zuquilanda',ZuquilandaDuque,2016-12-01 22:35:05,2,1,b'Elevaremos la calidad de seguro de riesgos del trabajo.#ConZuquilandaElPuebloManda'
804453579545264128,b'Patricio Zuquilanda',ZuquilandaDuque,2016-12-01 22:34:14,3,3,b'Debemos elevar el seguro de salud integral.'
804453383977443330,b'Patricio Zuquilanda',ZuquilandaDuque,2016-12-01 22:33:27,2,1,b'Iniciaremos un sistema de fiscalizaci\xc3\xb3n y auditor\xc3\xada externa privada para controlar la gesti\xc3\xb3n y administraci\xc3\xb3n de las autoridades.'
804453040640114688,b'Patricio Zuquilanda',ZuquilandaDuque,2016-12-01 22:32:05,3,0,b'Restituir\xc3\xa9 los pagos de la #Jubilaci\xc3\xb3nPatronal  de jubilados ex trabajadores del #IESS. #ConZuquilandaElPuebloManda'
804452301339508736,b'Patricio Zuquilanda',ZuquilandaDuque,2016-12-01 22:29:09,3,2,b'Iniciar\xc3\xa9 proceso de devoluci\xc3\xb3n de 33% del seguro de cesant\xc3\xada tomado ilegalmente para seguro de desempleo. #ZuquilandaPresidente'
804451914180071424,b'Patricio Zuquilanda',ZuquilandaDuque,2016-12-01 22:27:36,4,0,b'Dispondr\xc3\xa9 la devoluci\xc3\xb3n de 1100 millones del fondo de seguro de salud al seguro de pensiones. #ConZuquilandaElPuebloManda'
804451497899675649,b'Patricio Zuquilanda',ZuquilandaDuque,2016-12-01 22:25:57,4,2,"b'Me ratifico, retirar\xc3\xa9 al Gobierno de la direcci\xc3\xb3n del #IESS. #ConZuquilandaElPuebloManda . https://t.co/8zy94tY0ye'"
804450962756734976,b'Patricio Zuquilanda',ZuquilandaDuque,2016-12-01 22:23:50,4,3,b'Acabo de firmar mi compromiso con los afiliados del #IESS de entregar su administraci\xc3\xb3n a sus verdaderos due\xc3\xb1os. https://t.co/EkxTsbJylw'
804385933575548930,b'Patricio Zuquilanda',ZuquilandaDuque,2016-12-01 18:05:25,2,3,b'Toda nuestra solidaridad con las v\xc3\xadctimas y compromiso de trabajo por la #PrevencionVIH #DiaMundialContraElSida https://t.co/7W3C8i5QTI'
804366020555182080,b'Patricio Zuquilanda',ZuquilandaDuque,2016-12-01 16:46:18,1,1,b'Desde la Presidencia y la Asamblea lucharemos contra la corrupci\xc3\xb3n. https://t.co/HjfaprvlQS'
804768964039557122,b'Patricio Zuquilanda',ZuquilandaDuque,2016-12-02 19:27:27,1,2,b'Somos un equipo preparado para trabajar por el pa\xc3\xads https://t.co/OrqrRFZTkN'
804712681785716737,b'Patricio Zuquilanda',ZuquilandaDuque,2016-12-02 15:43:48,0,0,b'@xaguilarv Soy partidario de que regrese la identidad cultural del pa\xc3\xads y tambi\xc3\xa9n los negocios que traen ingresos legales a ecuatorianos'
804653214901608449,b'Patricio Zuquilanda',ZuquilandaDuque,2016-12-02 11:47:30,1,1,b'https://t.co/qKiWtsbHot #ConZuquilandaElPuebloManda'
805193669850632192,b'Patricio Zuquilanda',ZuquilandaDuque,2016-12-03 23:35:05,1,3,b'Los campesinos se quejan del alto costo de vida. Volveremos a trabajar por el campo. #ZuquilandaPresidente https://t.co/E3lqieGcCT'
805186465865039872,b'Patricio Zuquilanda',ZuquilandaDuque,2016-12-03 23:06:27,1,2,"b'Y al acercarme me dijo: ""Que Dios le de sabidur\xc3\xada"" https://t.co/I3RlC1r7eN'"
805183572478926855,b'Patricio Zuquilanda',ZuquilandaDuque,2016-12-03 22:54:57,0,0,"b'Escuchando al pueblo, escuchando a Ecuador. #ConZuquilandaElPuebloManda https://t.co/HHKVwkOk9k'"
805179632949592064,b'Patricio Zuquilanda',ZuquilandaDuque,2016-12-03 22:39:18,2,1,b'En el mercado General D\xc3\xa1valos de #Riobamba ratifiqu\xc3\xa9 mi compromiso de apoyo para los peque\xc3\xb1os comerciantes https://t.co/S40LNJmAU5'
805165154933608448,b'Patricio Zuquilanda',ZuquilandaDuque,2016-12-03 21:41:46,1,1,b'Dupla ganadora. #ZuquilandaPresidente #Lucio #VotaTodo3 https://t.co/KQ49ETVTlt'
805162399275872256,b'Patricio Zuquilanda',ZuquilandaDuque,2016-12-03 21:30:49,2,0,"b'Los llapingachos estuvieron maravillosos, pero conversar con amigos del mercado oriental de #Riobamba  estuvo mejor. https://t.co/v63bj21oVK'"
805158053171646464,b'Patricio Zuquilanda',ZuquilandaDuque,2016-12-03 21:13:33,3,2,b'Gracias a todos los queridos amigos de Riobamba por sus muestras de afecto. #ZuquilandaPresidente https://t.co/invBaGf8hZ'
805130847162605568,b'Patricio Zuquilanda',ZuquilandaDuque,2016-12-03 19:25:27,0,0,b'Todos ellos se integrar\xc3\xa1n a ejecutar el plan nacional de desarrollo 2017-2021 2/2 #DiaInternacionalDiscapacidad'
805130681907085313,b'Patricio Zuquilanda',ZuquilandaDuque,2016-12-03 19:24:47,2,0,"b'#DiaInternacionalDiscapacidad  \xc2\xbfHay un cambio verdadero en el desarrollo de abogados, medicos, ingenieros , etc con discapacidad? 1/2'"
805130051910041600,b'Patricio Zuquilanda',ZuquilandaDuque,2016-12-03 19:22:17,1,0,b'No cabe duda millones de d\xc3\xb3lares gastados en un programa insuficiente para personas con discapacidad. #DiaInternacionalDiscapacidad'
805119644726071301,b'Patricio Zuquilanda',ZuquilandaDuque,2016-12-03 18:40:56,3,3,b'Las personas con caracter\xc3\xadsticas especiales deben ir en pos de la riqueza con el apoyo de mi gobierno . #DiaInternacionalDiscapacidad'
805118457897426944,b'Patricio Zuquilanda',ZuquilandaDuque,2016-12-03 18:36:13,3,3,b'El se\xc3\xb1or Pineda de #Ambato expone las verdaderas necesidades del pueblo a su candidato. #ZuquilandaPresidente https://t.co/fuIGRsV5hj'
805100549020483584,b'Patricio Zuquilanda',ZuquilandaDuque,2016-12-03 17:25:03,1,1,"b'""Trabajar con honestidad"" Debo creer Jian Pablo Si es asi la sociedad te premiara caso contrario ...'"
805099012412047361,b'Patricio Zuquilanda',ZuquilandaDuque,2016-12-03 17:18:57,1,1,b'Desde Abril 2005 se abandono el Plan de Desarrollo Amazonico Iremos al gran objetivo LA PANAMAZONIA'
805098134175158273,b'Patricio Zuquilanda',ZuquilandaDuque,2016-12-03 17:15:27,1,2,b'El Pato Zuquilanda trabajo con todos los Alcaldes del cordon fronterizo Ahora en la Presidencia lo hara mas que nunca.'
805096734183591938,b'Patricio Zuquilanda',ZuquilandaDuque,2016-12-03 17:09:54,1,0,b'La provincia de El Oro sera ZONA ESPECIAL DE DESARROLLO Tiene todas las condiciones para salvar la Nacion luego de este desastre.'
805095815756840960,b'Patricio Zuquilanda',ZuquilandaDuque,2016-12-03 17:06:15,1,1,b'Voy a llevar todo el esfuerzo de la Nacion al sector rural. Garantizo que creceremos todos como pais.'
805095283931705345,b'Patricio Zuquilanda',ZuquilandaDuque,2016-12-03 17:04:08,1,1,b'Los campesinos se rajan de sol a sol para darnos alimentos baratos Que hacemos por ellos que no sea pedirles el voto?'
805094583042527232,b'Patricio Zuquilanda',ZuquilandaDuque,2016-12-03 17:01:21,2,1,b'La gente no comienza porque no tiene plata y cuando lo hace el Gobierno le acosa Es insoportable Tengo la solucion'
805093397140828161,b'Patricio Zuquilanda',ZuquilandaDuque,2016-12-03 16:56:38,3,1,b'El Pato Zuquilanda dice Hagamos Vaca El gobierno pone para el arranque el 50% y tu 50% con tu trabajo.'
805091828806598656,b'Patricio Zuquilanda',ZuquilandaDuque,2016-12-03 16:50:24,3,1,b'Para el Pato Zuquilanda es importante la energia de la juventud y la experiencia de los mayores.'
805091828722794496,b'Patricio Zuquilanda',ZuquilandaDuque,2016-12-03 16:50:24,2,1,b'El Pato Zuquilanda garantiza trabajo para jovenes y viejos. Nadie sera discriminado.'
805090603126190080,b'Patricio Zuquilanda',ZuquilandaDuque,2016-12-03 16:45:32,2,2,b'Con el Pato Zuquilanda termino la persecusion del SRI y otras entidades publicas a los ecuatorianos'
805089630085414916,b'Patricio Zuquilanda',ZuquilandaDuque,2016-12-03 16:41:40,1,1,b'Todos compraran vehiculos ecologicos muy baratos CERO ARANCELES'
805088905578037248,b'Patricio Zuquilanda',ZuquilandaDuque,2016-12-03 16:38:47,1,0,b'CERO aranceles para vehiculos ecologicos abarata el precio y favorece a todos'
805085740292046848,b'Patricio Zuquilanda',ZuquilandaDuque,2016-12-03 16:26:12,1,0,"b'@ZuquilandaPresidente cero aranceles para vehiculos ecologicos, es el ideal de todos los ecologistas.'"
805085375345655808,b'Patricio Zuquilanda',ZuquilandaDuque,2016-12-03 16:24:45,1,1,"b'@ZuquilandaPresidente como especialista en desarrollo, decidi colocar cero aranceles a vehiculos ecologicos de todo tipo.'"
805080488994111488,b'Patricio Zuquilanda',ZuquilandaDuque,2016-12-03 16:05:20,0,0,b'https://t.co/c8cfcYxol9'
805074534877560833,b'Patricio Zuquilanda',ZuquilandaDuque,2016-12-03 15:41:41,7,2,b'Hoy en #Riobamba y ma\xc3\xb1ana en #Ambato nuevamente caminaremos junto a @LucioGutierrez3 con la gente maravillosa de la Sierra Central'
805043443202400261,b'Patricio Zuquilanda',ZuquilandaDuque,2016-12-03 13:38:08,0,0,b'Vamos adelante #Manab\xc3\xad  https://t.co/2Cib3Wnaxh'
805554685423796225,b'Patricio Zuquilanda',ZuquilandaDuque,2016-12-04 23:29:38,2,2,b'Caminando por el parque Central de #Patate. #ZuquilandaPresidente  #VotaTodo3 https://t.co/k79OJo7dqK'
805543909116014592,b'Patricio Zuquilanda',ZuquilandaDuque,2016-12-04 22:46:48,0,0,"b'@LeonardoEscobaB As\xc3\xad es, por eso todo mi compromiso para desarrollar el agro. No m\xc3\xa1s impuestos que agobien a los campesinos.'"
805526721550254080,b'Patricio Zuquilanda',ZuquilandaDuque,2016-12-04 21:38:31,4,2,b'#Patate se alista para el cambio que necesita #Ecuador. #ZuquilandaPresidente  #LucioALaAsamblea #VotaTodo3 https://t.co/5I0J2OoUXk'
805498993925099521,b'Patricio Zuquilanda',ZuquilandaDuque,2016-12-04 19:48:20,5,4,"b'Mercado de Santa Rosa, Ambato. Los ecuatorianos no piden que se les regale nada, solo piden #trabajo  y piedad. https://t.co/kbhGRhcYJB'"
805463077978312711,b'Patricio Zuquilanda',ZuquilandaDuque,2016-12-04 17:25:37,4,4,b'Con #ZuquilandaPresidente se acabar\xc3\xa1 el acoso a los peque\xc3\xb1os comerciantes. Los ecuatorianos necesitamos trabajar. https://t.co/viRr3oJVQD'
805446557596270592,b'Patricio Zuquilanda',ZuquilandaDuque,2016-12-04 16:19:58,3,0,"b'En el mercado de Quisapincha, escuchando las necesidades de la gente. #ZuquilandaPresidente https://t.co/5uHKoQHDhQ'"
805437850883788800,b'Patricio Zuquilanda',ZuquilandaDuque,2016-12-04 15:45:22,3,2,b'Estas son las encuestas de carne y hueso de la 3. #ConZuquilandaElPuebloManda #VotaTodo3 https://t.co/5F8rLQ1Eer'
805432911419863040,b'Patricio Zuquilanda',ZuquilandaDuque,2016-12-04 15:25:44,4,0,b'Los artesanos de Quisapincha tienen mi compromiso de desarrollar la industria nacional. #ConZuquilandaElPuebloManda https://t.co/jBckI9RZbL'
805403959791943680,b'Patricio Zuquilanda',ZuquilandaDuque,2016-12-04 13:30:42,1,0,b'Las propuestas de Espinel y Zuquilanda https://t.co/lqYhx10JVL'
805397867334631424,b'Patricio Zuquilanda',ZuquilandaDuque,2016-12-04 13:06:29,2,1,"b'Empezamos el d\xc3\xada de la mejor manera en #Ambato, gracias a todo el personal del hotel La Kapital. https://t.co/fTR8fJMSmN'"
805390753077796864,b'Patricio Zuquilanda',ZuquilandaDuque,2016-12-04 12:38:13,2,0,b'Si Correa fuera honesto el h\xc3\xa9roe del enlace hubiera sido Lucio Guti\xc3\xa9rrez https://t.co/y96nEY0RJa'
805371760610832385,b'Patricio Zuquilanda',ZuquilandaDuque,2016-12-04 11:22:45,3,1,b'Muy buena apreciaci\xc3\xb3n del periodista @Martinminguchi de @4pelagatos4 sobre la obra de @LucioGutierrez3 https://t.co/XLbnJcy13r'
805214804256428033,b'Patricio Zuquilanda',ZuquilandaDuque,2016-12-04 00:59:04,2,4,"b'Gran jornada en #Riobamba, ma\xc3\xb1ana estaremos en #Ambato. #ConZuquilandaElPuebloManda #VotaTodo3'"
805204651050237952,b'Patricio Zuquilanda',ZuquilandaDuque,2016-12-04 00:18:43,2,6,"b'Mi esposa, mi compa\xc3\xb1era incondicional. Gracias por recorrer este camino a mi lado. https://t.co/uWqKro6t2o'"
805838465220968448,b'Patricio Zuquilanda',ZuquilandaDuque,2016-12-05 18:17:16,2,1,b'#LosRios #VotaTodo3 https://t.co/7B7rcndJCg'
805628012469354496,b'Patricio Zuquilanda',ZuquilandaDuque,2016-12-05 04:21:00,3,1,b'Algunas precisiones @Hora25Ec  https://t.co/NZRcSh3KKv'
805622246085640192,b'Patricio Zuquilanda',ZuquilandaDuque,2016-12-05 03:58:05,6,2,"b'Apoyo muestras de identidad cultural como los toros, gallos, baile, gastronom\xc3\xada-&gt;adem\xc3\xa1s est\xc3\xa1n unidas a actividades econ\xc3\xb3micas relevantes.'"
805621775329529856,b'Patricio Zuquilanda',ZuquilandaDuque,2016-12-05 03:56:13,4,1,"b'Los emprendedores necesitan trabajar, el Estado debe dejar de perseguirlos con impuestos y tr\xc3\xa1mites. @Hora25Ec'"
805621056061001728,b'Patricio Zuquilanda',ZuquilandaDuque,2016-12-05 03:53:22,3,1,b'En mi Gobierno -&gt;Ministerio de Cultura ir\xc3\xa1 a Edificio de #UNASUR y ellos deber\xc3\xa1n arrendar sus propias oficinas. @Hora25Ec'
805620843942477830,b'Patricio Zuquilanda',ZuquilandaDuque,2016-12-05 03:52:31,10,4,b'Yo vender\xc3\xa9 los aviones presidenciales para entregar ese dinero a los hu\xc3\xa9rfanos y ancianos desprotegidos del pa\xc3\xads. @Hora25Ec'
805620661959933953,b'Patricio Zuquilanda',ZuquilandaDuque,2016-12-05 03:51:48,6,1,b'Los maestros y la cultura ser\xc3\xa1n privilegiados en el Gobierno de Patricio Zuquilanda. Es el cambio que necesita #Ecuador. @Hora25Ec'
805620427435413504,b'Patricio Zuquilanda',ZuquilandaDuque,2016-12-05 03:50:52,0,0,b'@Hora25Ec  Gobierno se apropi\xc3\xb3 de 12mil millones del #IESS. Desde la presidencia devolver\xc3\xa9 ese dinero al seguro social.'
805619771085570049,b'Patricio Zuquilanda',ZuquilandaDuque,2016-12-05 03:48:15,4,0,b'Gobierno se apropi\xc3\xb3 de 12mil millones del #IESS. Desde la presidencia devolver\xc3\xa9 ese dinero al seguro social. @Hora25Ec'
805619192766627841,b'Patricio Zuquilanda',ZuquilandaDuque,2016-12-05 03:45:57,2,2,"b'Lucio hizo crecer la econom\xc3\xada m\xc3\xa1s del 8%, fue un Gobierno exitoso en empleo, educaci\xc3\xb3n y desarrollo. @Hora25Ec'"
805618907667136512,b'Patricio Zuquilanda',ZuquilandaDuque,2016-12-05 03:44:49,0,0,b'@Hora25Ec Soy representante de un organismo internacional que financia proyectos de desarrollo'
805617755848327168,b'Patricio Zuquilanda',ZuquilandaDuque,2016-12-05 03:40:15,1,0,b'@Hora25Ec Actual gobierno usa los impuestos en contra de la ciudadan\xc3\xada. Yo reducir\xc3\xa9 la carga de impuestos para atraer inversiones.'
805617579666632704,b'Patricio Zuquilanda',ZuquilandaDuque,2016-12-05 03:39:33,2,1,b'Actual gobierno usa los impuestos en contra de la ciudadan\xc3\xada. Desde la Presidencia reducir\xc3\xa9 la carga de impuestos para atraer inversiones.'
805617156226482176,b'Patricio Zuquilanda',ZuquilandaDuque,2016-12-05 03:37:52,3,2,b'#LeydePlusvalia ser\xc3\xa1 derogada en mi gobierno porque da\xc3\xb1a la econom\xc3\xada de las familias que ya contribuyen con impuestos directos e indirectos'
805616805880467456,b'Patricio Zuquilanda',ZuquilandaDuque,2016-12-05 03:36:28,38,12,"b'Denunciamos con pruebas que el padr\xc3\xb3n electoral tiene excedente de casi 2 millones de personas entre muertos, guerrilleros y c\xc3\xa9dulas falsas'"
805616206975795202,b'Patricio Zuquilanda',ZuquilandaDuque,2016-12-05 03:34:06,3,1,b'Necesitamos separaci\xc3\xb3n a rajatabla de los poderes del Estado. El #CNE debe ser independiente del Ejecutivo. @Hora25Ec'
805615833208782848,b'Patricio Zuquilanda',ZuquilandaDuque,2016-12-05 03:32:36,3,0,"b'Las encuestas no reflejan la verdad-&gt; deben preguntar en las zonas m\xc3\xa1s pobres del pa\xc3\xads, ah\xc3\xad est\xc3\xa1 nuestra fuerza. @Hora25Ec'"
805615781618876416,b'Patricio Zuquilanda',ZuquilandaDuque,2016-12-05 03:32:24,0,0,"b'@Hora25Ec Las encuestas no reflejan la verdad-&gt; deben preguntar en las zonas m\xc3\xa1s pobres del pa\xc3\xads, ah\xc3\xad est\xc3\xa1 nuestra fuerza. @Hora25Ec'"
805615557932367873,b'Patricio Zuquilanda',ZuquilandaDuque,2016-12-05 03:31:31,0,0,b'@Hora25Ec @AndresCarrion2 Vamos a volver al poder con @LucioGutierrez3 en la Asamblea y yo en la Presidencia. Ecuador necesita reorganizarse'
805615131002544128,b'Patricio Zuquilanda',ZuquilandaDuque,2016-12-05 03:29:49,3,2,b'Vamos a volver al poder con @LucioGutierrez3 en la Asamblea y #Zuquilanda en la Presidencia-&gt; Ecuador necesita reorganizarse.'
805614995807604736,b'Patricio Zuquilanda',ZuquilandaDuque,2016-12-05 03:29:17,6,2,"b'El pueblo pide unidad, los partidos no entendieron este llamado. Sociedad Patri\xc3\xb3tica seguir\xc3\xa1 trabajando por un co-gobierno. @Hora25Ec'"
805614562368176128,b'Patricio Zuquilanda',ZuquilandaDuque,2016-12-05 03:27:33,0,0,"b'@Hora25Ec El pueblo pide unidad, los partidos no entendieron este llamado. Sociedad Patri\xc3\xb3tica seguir\xc3\xa1 trabajando por un co-gobierno.'"
805614175783448577,b'Patricio Zuquilanda',ZuquilandaDuque,2016-12-05 03:26:01,12,4,"b'#Chavez presion\xc3\xb3 para que Ecuador tome una l\xc3\xadnea marxista, al no lograrlo empez\xc3\xb3 a conspirar contra @LucioGutierrez3.'"
805614045592174592,b'Patricio Zuquilanda',ZuquilandaDuque,2016-12-05 03:25:30,0,0,"b'@Hora25Ec @teleamazonasec Chavez presion\xc3\xb3 para que Ecuador tome l\xc3\xadnea marxista, al no lograrlo empez\xc3\xb3 a conspirar contra @LucioGutierrez3.'"
805612791323357184,b'Patricio Zuquilanda',ZuquilandaDuque,2016-12-05 03:20:31,0,0,"b'@Hora25Ec Canciller\xc3\xada tiene que ser renovada-&gt; trabajar por objetivos, el pueblo no puede pagar a varios inoperantes.'"
805611891229913088,b'Patricio Zuquilanda',ZuquilandaDuque,2016-12-05 03:16:57,1,0,"b'La Canciller\xc3\xada tiene que ser renovada-&gt; trabajar por objetivos, el pueblo no puede pagar a varios inoperantes. @Hora25Ec'"
805611616960212992,b'Patricio Zuquilanda',ZuquilandaDuque,2016-12-05 03:15:51,0,0,"b'@Hora25Ec @AndresCarrion2 Un acuerdo no sgnifica someterse, negociaremos para buscar las mejores condiciones para productos ecuatorianos.'"
805611008526008320,b'Patricio Zuquilanda',ZuquilandaDuque,2016-12-05 03:13:26,1,0,"b'Productores y campesinos son perjudicados por no tener acuerdo comercial con #EEUU, como tienen los dem\xc3\xa1s pa\xc3\xadses de Am\xc3\xa9rica Latina @Hora25Ec'"
805610482992353280,b'Patricio Zuquilanda',ZuquilandaDuque,2016-12-05 03:11:21,1,0,"b'Negociar un acuerdo comercial con #EEUU no significa someterse, haremos la mejor negociaci\xc3\xb3n para proteger al 42% de nuestras exportaciones.'"
805609839279869956,b'Patricio Zuquilanda',ZuquilandaDuque,2016-12-05 03:08:47,0,0,b'@Hora25Ec En Corea las visas las extendi\xc3\xb3 n\xc3\xadtidamente el Consul; investigu\xc3\xa9 como Jefe de Misi\xc3\xb3n y todo fue correcto.'
805587114024992768,b'Patricio Zuquilanda',ZuquilandaDuque,2016-12-05 01:38:29,7,3,b'Las encuestas de carne y hueso no mienten. Terminamos la jornada en el mercado Mayorista de #Ambato. #VotaTodo3 https://t.co/zLCMPnZdin'
805563164280635392,b'Patricio Zuquilanda',ZuquilandaDuque,2016-12-05 00:03:19,0,0,"b'@MariiaJoseVB No apruebo el imperio de la pena de muerte; m\xc3\xa1s bien, un sistema preventivo del cometimiento del delito . 4/4'"
805562962010406913,b'Patricio Zuquilanda',ZuquilandaDuque,2016-12-05 00:02:31,0,0,"b'@MariiaJoseVB Y la delincuencia com\xc3\xban, tipificarla en distintos estratos seg\xc3\xban el origen de la misma. 3/4'"
805562772109086720,b'Patricio Zuquilanda',ZuquilandaDuque,2016-12-05 00:01:46,0,0,b'@MariiaJoseVB Tambi\xc3\xa9n se debe diferenciar la delincuencia contra los bienes del Estado que debe ser penalizada con mayor dureza. 2/4'
805562501597396992,b'Patricio Zuquilanda',ZuquilandaDuque,2016-12-05 00:00:41,0,0,"b'@MariiaJoseVB Trabajo, trabajo y mas trabajo. Adem\xc3\xa1s, ejecutar un plan nacional de cultura. 1/4'"
